entry_id,contest_id,contest_name,PG,SG,SF,PF,C,G,F,UTIL,PG_is_locked,SG_is_locked,SF_is_locked,PF_is_locked,C_is_locked,G_is_locked,F_is_locked,UTIL_is_locked
4564181720,171750123,NBA $4K Quarter Jukebox [Just $0.25!],Anthony Black (37027031) (LOCKED),Jordan Poole (37026805) (LOCKED),Bilal Coulibaly (37026927) (LOCKED),Jonathan Kuminga (37026881) (LOCKED),Kristaps Porzingis (37026796) (LOCKED),Mike Conley (37026982) (LOCKED),LeBron James (37026748),Goga Bitadze (37026910) (LOCKED),True,True,True,True,True,True,True,True
4564181721,171750123,NBA $4K Quarter Jukebox [Just $0.25!],Anthony Black (37027031) (LOCKED),Buddy Hield (37026973) (LOCKED),Justin Champagnie (37026970) (LOCKED),Jayson Tatum (37026744) (LOCKED),Goga Bitadze (37026910) (LOCKED),Jared Butler (37027124) (LOCKED),Jonathan Kuminga (37026881) (LOCKED),Anthony Davis (37026740),True,True,True,True,True,True,True,True
4564181722,171750123,NBA $4K Quarter Jukebox [Just $0.25!],Luka Doncic (37026735) (LOCKED),Austin Reaves (37026858),Klay Thompson (37026988) (LOCKED),Jonathan Kuminga (37026881) (LOCKED),Goga Bitadze (37026910) (LOCKED),Jared Butler (37027124) (LOCKED),Bilal Coulibaly (37026927) (LOCKED),Kristaps Porzingis (37026796) (LOCKED),True,True,True,True,True,True,True,True
4564181723,171750123,NBA $4K Quarter Jukebox [Just $0.25!],Anthony Black (37027031) (LOCKED),Jordan Poole (37026805) (LOCKED),Justin Champagnie (37026970) (LOCKED),LeBron James (37026748),Kristaps Porzingis (37026796) (LOCKED),Jared Butler (37027124) (LOCKED),Wendell Carter Jr. (37026930) (LOCKED),Jalen Suggs (37026798) (LOCKED),True,True,True,True,True,True,True,True
4564181724,171750123,NBA $4K Quarter Jukebox [Just $0.25!],Jared Butler (37027124) (LOCKED),Buddy Hield (37026973) (LOCKED),Justin Champagnie (37026970) (LOCKED),Alexandre Sarr (37026917) (LOCKED),Victor Wembanyama (37026738) (LOCKED),Anthony Black (37027031) (LOCKED),Naz Reid (37026966) (LOCKED),Anthony Davis (37026740),True,True,True,True,True,True,True,True
4564181725,171750123,NBA $4K Quarter Jukebox [Just $0.25!],Anthony Black (37027031) (LOCKED),Jordan Poole (37026805) (LOCKED),Jayson Tatum (37026744) (LOCKED),Naz Reid (37026966) (LOCKED),Dereck Lively II (37026945) (LOCKED),Cole Anthony (37027044) (LOCKED),Klay Thompson (37026988) (LOCKED),LeBron James (37026748),True,True,True,True,True,True,True,True
4564181726,171750123,NBA $4K Quarter Jukebox [Just $0.25!],Jared Butler (37027124) (LOCKED),Anthony Black (37027031) (LOCKED),Jayson Tatum (37026744) (LOCKED),Naz Reid (37026966) (LOCKED),Kristaps Porzingis (37026796) (LOCKED),Klay Thompson (37026988) (LOCKED),LeBron James (37026748),Dereck Lively II (37026945) (LOCKED),True,True,True,True,True,True,True,True
4564181727,171750123,NBA $4K Quarter Jukebox [Just $0.25!],Anthony Black (37027031) (LOCKED),Donte DiVincenzo (37027071) (LOCKED),Justin Champagnie (37026970) (LOCKED),Jonathan Kuminga (37026881) (LOCKED),Dereck Lively II (37026945) (LOCKED),Buddy Hield (37026973) (LOCKED),LeBron James (37026748),Luka Doncic (37026735) (LOCKED),True,True,True,True,True,True,True,True
4564181728,171750123,NBA $4K Quarter Jukebox [Just $0.25!],Jared Butler (37027124) (LOCKED),Jordan Poole (37026805) (LOCKED),Bilal Coulibaly (37026927) (LOCKED),Jayson Tatum (37026744) (LOCKED),Dereck Lively II (37026945) (LOCKED),Austin Reaves (37026858),Wendell Carter Jr. (37026930) (LOCKED),Kristaps Porzingis (37026796) (LOCKED),True,True,True,True,True,True,True,True
4564181729,171750123,NBA $4K Quarter Jukebox [Just $0.25!],Anthony Black (37027031) (LOCKED),Buddy Hield (37026973) (LOCKED),Justin Champagnie (37026970) (LOCKED),OG Anunoby (37026854) (LOCKED),Dereck Lively II (37026945) (LOCKED),Jalen Suggs (37026798) (LOCKED),Jayson Tatum (37026744) (LOCKED),Kristaps Porzingis (37026796) (LOCKED),True,True,True,True,True,True,True,True
4564181730,171750123,NBA $4K Quarter Jukebox [Just $0.25!],Anthony Black (37027031) (LOCKED),Buddy Hield (37026973) (LOCKED),Bilal Coulibaly (37026927) (LOCKED),Jonathan Kuminga (37026881) (LOCKED),Kevin Durant (37026771) (LOCKED),Jalen Suggs (37026798) (LOCKED),Jayson Tatum (37026744) (LOCKED),Jared Butler (37027124) (LOCKED),True,True,True,True,True,True,True,True
4564181731,171750123,NBA $4K Quarter Jukebox [Just $0.25!],Anthony Black (37027031) (LOCKED),Payton Pritchard (37026888) (LOCKED),Bilal Coulibaly (37026927) (LOCKED),Jonathan Kuminga (37026881) (LOCKED),Anthony Davis (37026740),Jared Butler (37027124) (LOCKED),LeBron James (37026748),Buddy Hield (37026973) (LOCKED),True,True,True,True,True,True,True,True
4564181732,171750123,NBA $4K Quarter Jukebox [Just $0.25!],Anthony Black (37027031) (LOCKED),Desmond Bane (37026825),Justin Champagnie (37026970) (LOCKED),Naz Reid (37026966) (LOCKED),Dereck Lively II (37026945) (LOCKED),Jalen Suggs (37026798) (LOCKED),Jonathan Kuminga (37026881) (LOCKED),Anthony Davis (37026740),True,True,True,True,True,True,True,True
4564181733,171750123,NBA $4K Quarter Jukebox [Just $0.25!],Jared Butler (37027124) (LOCKED),Devin Vassell (37026907) (LOCKED),Justin Champagnie (37026970) (LOCKED),Wendell Carter Jr. (37026930) (LOCKED),Anthony Davis (37026740),Klay Thompson (37026988) (LOCKED),LeBron James (37026748),Goga Bitadze (37026910) (LOCKED),True,True,True,True,True,True,True,True
4564181734,171750123,NBA $4K Quarter Jukebox [Just $0.25!],Jalen Suggs (37026798) (LOCKED),Jordan Poole (37026805) (LOCKED),Bilal Coulibaly (37026927) (LOCKED),Jonathan Kuminga (37026881) (LOCKED),Dereck Lively II (37026945) (LOCKED),Anthony Black (37027031) (LOCKED),Wendell Carter Jr. (37026930) (LOCKED),LeBron James (37026748),True,True,True,True,True,True,True,True
4564181735,171750123,NBA $4K Quarter Jukebox [Just $0.25!],Austin Reaves (37026858),Buddy Hield (37026973) (LOCKED),Jayson Tatum (37026744) (LOCKED),Jonathan Kuminga (37026881) (LOCKED),Goga Bitadze (37026910) (LOCKED),Jared Butler (37027124) (LOCKED),LeBron James (37026748),Marcus Smart (37027018),True,True,True,True,True,True,True,True
4564181736,171750123,NBA $4K Quarter Jukebox [Just $0.25!],Anthony Black (37027031) (LOCKED),Austin Reaves (37026858),Justin Champagnie (37026970) (LOCKED),Jonathan Kuminga (37026881) (LOCKED),Goga Bitadze (37026910) (LOCKED),Luka Doncic (37026735) (LOCKED),Klay Thompson (37026988) (LOCKED),Jalen Suggs (37026798) (LOCKED),True,True,True,True,True,True,True,True
4564181737,171750123,NBA $4K Quarter Jukebox [Just $0.25!],Anthony Black (37027031) (LOCKED),Buddy Hield (37026973) (LOCKED),Nickeil Alexander#Walker (37027116) (LOCKED),Julius Randle (37026792) (LOCKED),Goga Bitadze (37026910) (LOCKED),Jordan Poole (37026805) (LOCKED),Jonathan Kuminga (37026881) (LOCKED),Anthony Davis (37026740),True,True,True,True,True,True,True,True
4564181738,171750123,NBA $4K Quarter Jukebox [Just $0.25!],Donte DiVincenzo (37027071) (LOCKED),Anthony Black (37027031) (LOCKED),Jayson Tatum (37026744) (LOCKED),Jonathan Kuminga (37026881) (LOCKED),Victor Wembanyama (37026738) (LOCKED),Buddy Hield (37026973) (LOCKED),Bilal Coulibaly (37026927) (LOCKED),Dereck Lively II (37026945) (LOCKED),True,True,True,True,True,True,True,True
4564181739,171750123,NBA $4K Quarter Jukebox [Just $0.25!],Ja Morant (37026768),Anthony Black (37027031) (LOCKED),Bilal Coulibaly (37026927) (LOCKED),Jonathan Kuminga (37026881) (LOCKED),Anthony Davis (37026740),Buddy Hield (37026973) (LOCKED),Justin Champagnie (37026970) (LOCKED),Goga Bitadze (37026910) (LOCKED),True,True,True,True,True,True,True,True
4564174789,171750135,NBA $15K mini-MAX [150 Entry Max],Anthony Black (37027031),Cole Anthony (37027044),OG Anunoby (37026854),Jayson Tatum (37026744),Anthony Davis (37026740),Jared Butler (37027124),Bilal Coulibaly (37026927),Jonathan Kuminga (37026881),True,True,False,True,True,True,True,True
4564174790,171750135,NBA $15K mini-MAX [150 Entry Max],Anthony Black (37027031) (LOCKED),Buddy Hield (37026973) (LOCKED),Bilal Coulibaly (37026927) (LOCKED),Alexandre Sarr (37026917) (LOCKED),Anthony Davis (37026740),Jalen Suggs (37026798) (LOCKED),Klay Thompson (37026988) (LOCKED),Kristaps Porzingis (37026796) (LOCKED),True,True,True,True,True,True,True,True
4564174791,171750135,NBA $15K mini-MAX [150 Entry Max],Ja Morant (37026768),Anthony Black (37027031) (LOCKED),Klay Thompson (37026988) (LOCKED),Kevin Durant (37026771) (LOCKED),Goga Bitadze (37026910) (LOCKED),Buddy Hield (37026973) (LOCKED),Jonathan Kuminga (37026881) (LOCKED),Jalen Suggs (37026798) (LOCKED),True,True,True,True,True,True,True,True
4564174792,171750135,NBA $15K mini-MAX [150 Entry Max],Kyrie Irving (37026783) (LOCKED),Buddy Hield (37026973) (LOCKED),Justin Champagnie (37026970) (LOCKED),Jonathan Kuminga (37026881) (LOCKED),Dereck Lively II (37026945) (LOCKED),Jalen Suggs (37026798) (LOCKED),Jaden McDaniels (37027041) (LOCKED),LeBron James (37026748),True,True,True,True,True,True,True,True
4564174793,171750135,NBA $15K mini-MAX [150 Entry Max],Jalen Suggs (37026798) (LOCKED),Klay Thompson (37026988) (LOCKED),Bilal Coulibaly (37026927) (LOCKED),Jonathan Kuminga (37026881) (LOCKED),Anthony Davis (37026740),Austin Reaves (37026858),Justin Champagnie (37026970) (LOCKED),Goga Bitadze (37026910) (LOCKED),True,True,True,True,True,True,True,True
4564174794,171750135,NBA $15K mini-MAX [150 Entry Max],Jalen Suggs (37026798) (LOCKED),Buddy Hield (37026973) (LOCKED),Klay Thompson (37026988) (LOCKED),Alexandre Sarr (37026917) (LOCKED),Goga Bitadze (37026910) (LOCKED),Jordan Poole (37026805) (LOCKED),Jayson Tatum (37026744) (LOCKED),Dereck Lively II (37026945) (LOCKED),True,True,True,True,True,True,True,True
4564174795,171750135,NBA $15K mini-MAX [150 Entry Max],Mike Conley (37026982) (LOCKED),Klay Thompson (37026988) (LOCKED),Bilal Coulibaly (37026927) (LOCKED),Jonathan Kuminga (37026881) (LOCKED),Dereck Lively II (37026945) (LOCKED),Jalen Suggs (37026798) (LOCKED),LeBron James (37026748),Kristaps Porzingis (37026796) (LOCKED),True,True,True,True,True,True,True,True
4564174796,171750135,NBA $15K mini-MAX [150 Entry Max],Jared Butler (37027124) (LOCKED),Devin Vassell (37026907) (LOCKED),Desmond Bane (37026825),Jonathan Kuminga (37026881) (LOCKED),Karl#Anthony Towns (37026742) (LOCKED),Jordan Poole (37026805) (LOCKED),Justin Champagnie (37026970) (LOCKED),Jusuf Nurkic (37026849) (LOCKED),True,True,True,True,True,True,True,True
4564174797,171750135,NBA $15K mini-MAX [150 Entry Max],Jared Butler (37027124) (LOCKED),Anthony Black (37027031) (LOCKED),Jayson Tatum (37026744) (LOCKED),Josh Hart (37026811) (LOCKED),Goga Bitadze (37026910) (LOCKED),Jalen Suggs (37026798) (LOCKED),Klay Thompson (37026988) (LOCKED),Kristaps Porzingis (37026796) (LOCKED),True,True,True,True,True,True,True,True
4564174798,171750135,NBA $15K mini-MAX [150 Entry Max],Jrue Holiday (37026942) (LOCKED),Payton Pritchard (37026888) (LOCKED),Justin Champagnie (37026970) (LOCKED),Julius Randle (37026792) (LOCKED),Kristaps Porzingis (37026796) (LOCKED),Jared Butler (37027124) (LOCKED),LeBron James (37026748),Goga Bitadze (37026910) (LOCKED),True,True,True,True,True,True,True,True
4564174799,171750135,NBA $15K mini-MAX [150 Entry Max],Jordan Poole (37026805) (LOCKED),Buddy Hield (37026973) (LOCKED),Justin Champagnie (37026970) (LOCKED),Naz Reid (37026966) (LOCKED),Anthony Davis (37026740),Jalen Suggs (37026798) (LOCKED),Jonathan Kuminga (37026881) (LOCKED),Anthony Black (37027031) (LOCKED),True,True,True,True,True,True,True,True
4564174800,171750135,NBA $15K mini-MAX [150 Entry Max],Anthony Black (37027031) (LOCKED),Buddy Hield (37026973) (LOCKED),Justin Champagnie (37026970) (LOCKED),Wendell Carter Jr. (37026930) (LOCKED),Anthony Davis (37026740),Klay Thompson (37026988) (LOCKED),Jayson Tatum (37026744) (LOCKED),Jonathan Kuminga (37026881) (LOCKED),True,True,True,True,True,True,True,True
4564174801,171750135,NBA $15K mini-MAX [150 Entry Max],Austin Reaves (37026858),Buddy Hield (37026973) (LOCKED),Justin Champagnie (37026970) (LOCKED),Wendell Carter Jr. (37026930) (LOCKED),Anthony Davis (37026740),Klay Thompson (37026988) (LOCKED),Jonathan Kuminga (37026881) (LOCKED),Kristaps Porzingis (37026796) (LOCKED),True,True,True,True,True,True,True,True
4564174802,171750135,NBA $15K mini-MAX [150 Entry Max],Jared Butler (37027124) (LOCKED),Anthony Black (37027031) (LOCKED),Desmond Bane (37026825),Jonathan Kuminga (37026881) (LOCKED),Anthony Davis (37026740),Austin Reaves (37026858),Wendell Carter Jr. (37026930) (LOCKED),Jalen Suggs (37026798) (LOCKED),True,True,True,True,True,True,True,True
4564174803,171750135,NBA $15K mini-MAX [150 Entry Max],Anthony Black (37027031) (LOCKED),Austin Reaves (37026858),Klay Thompson (37026988) (LOCKED),Wendell Carter Jr. (37026930) (LOCKED),Naz Reid (37026966) (LOCKED),Jared Butler (37027124) (LOCKED),LeBron James (37026748),Victor Wembanyama (37026738) (LOCKED),True,True,True,True,True,True,True,True
4564174804,171750135,NBA $15K mini-MAX [150 Entry Max],Jared Butler (37027124) (LOCKED),Nickeil Alexander#Walker (37027116) (LOCKED),Jayson Tatum (37026744) (LOCKED),Jonathan Kuminga (37026881) (LOCKED),Kristaps Porzingis (37026796) (LOCKED),Mike Conley (37026982) (LOCKED),LeBron James (37026748),Buddy Hield (37026973) (LOCKED),True,True,True,True,True,True,True,True
4564174805,171750135,NBA $15K mini-MAX [150 Entry Max],Anthony Black (37027031) (LOCKED),Buddy Hield (37026973) (LOCKED),Jayson Tatum (37026744) (LOCKED),Jonathan Kuminga (37026881) (LOCKED),Anthony Davis (37026740),Marcus Smart (37027018),Klay Thompson (37026988) (LOCKED),Goga Bitadze (37026910) (LOCKED),True,True,True,True,True,True,True,True
4564174806,171750135,NBA $15K mini-MAX [150 Entry Max],Anthony Black (37027031) (LOCKED),Devin Vassell (37026907) (LOCKED),OG Anunoby (37026854) (LOCKED),LeBron James (37026748),Goga Bitadze (37026910) (LOCKED),Austin Reaves (37026858),Wendell Carter Jr. (37026930) (LOCKED),Jalen Suggs (37026798) (LOCKED),True,True,True,True,True,True,True,True
4564174807,171750135,NBA $15K mini-MAX [150 Entry Max],Austin Reaves (37026858),Buddy Hield (37026973) (LOCKED),Jaden McDaniels (37027041) (LOCKED),Wendell Carter Jr. (37026930) (LOCKED),Anthony Davis (37026740),Jared Butler (37027124) (LOCKED),Jayson Tatum (37026744) (LOCKED),Jrue Holiday (37026942) (LOCKED),True,True,True,True,True,True,True,True
4564174808,171750135,NBA $15K mini-MAX [150 Entry Max],Austin Reaves (37026858),Anthony Black (37027031) (LOCKED),Justin Champagnie (37026970) (LOCKED),Kevin Durant (37026771) (LOCKED),Goga Bitadze (37026910) (LOCKED),Jalen Suggs (37026798) (LOCKED),Jonathan Kuminga (37026881) (LOCKED),Kristaps Porzingis (37026796) (LOCKED),True,True,True,True,True,True,True,True
4564174809,171750135,NBA $15K mini-MAX [150 Entry Max],Cole Anthony (37027044) (LOCKED),Buddy Hield (37026973) (LOCKED),Bilal Coulibaly (37026927) (LOCKED),Jayson Tatum (37026744) (LOCKED),Dereck Lively II (37026945) (LOCKED),Marcus Smart (37027018),Jonathan Kuminga (37026881) (LOCKED),Anthony Davis (37026740),True,True,True,True,True,True,True,True
4564174810,171750135,NBA $15K mini-MAX [150 Entry Max],Jared Butler (37027124) (LOCKED),Cole Anthony (37027044) (LOCKED),Jaden McDaniels (37027041) (LOCKED),Jonathan Kuminga (37026881) (LOCKED),Anthony Davis (37026740),Jordan Poole (37026805) (LOCKED),Desmond Bane (37026825),Kristaps Porzingis (37026796) (LOCKED),True,True,True,True,True,True,True,True
4564174811,171750135,NBA $15K mini-MAX [150 Entry Max],Jalen Suggs (37026798) (LOCKED),Jordan Poole (37026805) (LOCKED),Jaden McDaniels (37027041) (LOCKED),Jonathan Kuminga (37026881) (LOCKED),Dereck Lively II (37026945) (LOCKED),Buddy Hield (37026973) (LOCKED),Klay Thompson (37026988) (LOCKED),Anthony Davis (37026740),True,True,True,True,True,True,True,True
4564174812,171750135,NBA $15K mini-MAX [150 Entry Max],Mike Conley (37026982) (LOCKED),Anthony Black (37027031) (LOCKED),Justin Champagnie (37026970) (LOCKED),Jonathan Kuminga (37026881) (LOCKED),Kristaps Porzingis (37026796) (LOCKED),Jordan Poole (37026805) (LOCKED),Jayson Tatum (37026744) (LOCKED),Dereck Lively II (37026945) (LOCKED),True,True,True,True,True,True,True,True
4564174813,171750135,NBA $15K mini-MAX [150 Entry Max],Jalen Suggs (37026798) (LOCKED),Devin Vassell (37026907) (LOCKED),Klay Thompson (37026988) (LOCKED),Jonathan Kuminga (37026881) (LOCKED),Dereck Lively II (37026945) (LOCKED),Anthony Black (37027031) (LOCKED),LeBron James (37026748),Kristaps Porzingis (37026796) (LOCKED),True,True,True,True,True,True,True,True
4564174814,171750135,NBA $15K mini-MAX [150 Entry Max],Jared Butler (37027124) (LOCKED),Anthony Black (37027031) (LOCKED),Justin Champagnie (37026970) (LOCKED),Jayson Tatum (37026744) (LOCKED),Kevin Durant (37026771) (LOCKED),Jordan Poole (37026805) (LOCKED),Jonathan Kuminga (37026881) (LOCKED),Devin Vassell (37026907) (LOCKED),True,True,True,True,True,True,True,True
4564174815,171750135,NBA $15K mini-MAX [150 Entry Max],Jared Butler (37027124),Buddy Hield (37026973),Bilal Coulibaly (37026927),Alexandre Sarr (37026917),Anthony Davis (37026740),Anthony Black (37027031),Jonathan Kuminga (37026881),LeBron James (37026748),True,True,True,False,True,True,True,True
4564174816,171750135,NBA $15K mini-MAX [150 Entry Max],Cole Anthony (37027044) (LOCKED),Anthony Black (37027031) (LOCKED),Jayson Tatum (37026744) (LOCKED),Jonathan Kuminga (37026881) (LOCKED),Dereck Lively II (37026945) (LOCKED),Jrue Holiday (37026942) (LOCKED),LeBron James (37026748),Goga Bitadze (37026910) (LOCKED),True,True,True,True,True,True,True,True
4564174817,171750135,NBA $15K mini-MAX [150 Entry Max],Jalen Suggs (37026798) (LOCKED),Anthony Black (37027031) (LOCKED),Jayson Tatum (37026744) (LOCKED),Jonathan Kuminga (37026881) (LOCKED),Goga Bitadze (37026910) (LOCKED),Jrue Holiday (37026942) (LOCKED),Wendell Carter Jr. (37026930) (LOCKED),Jusuf Nurkic (37026849) (LOCKED),True,True,True,True,True,True,True,True
4564174818,171750135,NBA $15K mini-MAX [150 Entry Max],Anthony Black (37027031) (LOCKED),Buddy Hield (37026973) (LOCKED),Klay Thompson (37026988) (LOCKED),OG Anunoby (37026854) (LOCKED),Goga Bitadze (37026910) (LOCKED),Luka Doncic (37026735) (LOCKED),Justin Champagnie (37026970) (LOCKED),Kristaps Porzingis (37026796) (LOCKED),True,True,True,True,True,True,True,True
4564174819,171750135,NBA $15K mini-MAX [150 Entry Max],Payton Pritchard (37026888) (LOCKED),Jordan Poole (37026805) (LOCKED),Klay Thompson (37026988) (LOCKED),Kevin Durant (37026771) (LOCKED),Dereck Lively II (37026945) (LOCKED),Devin Vassell (37026907) (LOCKED),Jonathan Kuminga (37026881) (LOCKED),Jalen Suggs (37026798) (LOCKED),True,True,True,True,True,True,True,True
4564174820,171750135,NBA $15K mini-MAX [150 Entry Max],Derrick White (37026821) (LOCKED),Buddy Hield (37026973) (LOCKED),Bilal Coulibaly (37026927) (LOCKED),LeBron James (37026748),Kristaps Porzingis (37026796) (LOCKED),Desmond Bane (37026825),Justin Champagnie (37026970) (LOCKED),Anthony Black (37027031) (LOCKED),True,True,True,True,True,True,True,True
4564174821,171750135,NBA $15K mini-MAX [150 Entry Max],Anthony Black (37027031),Devin Vassell (37026907),Nickeil Alexander-Walker (37027116),Jayson Tatum (37026744),Anthony Davis (37026740),Jared Butler (37027124),OG Anunoby (37026854),Goga Bitadze (37026910),True,True,False,True,True,True,True,True
4564174822,171750135,NBA $15K mini-MAX [150 Entry Max],Jared Butler (37027124),Jordan Poole (37026805),Jayson Tatum (37026744),Wendell Carter Jr. (37026930),Goga Bitadze (37026910),Buddy Hield (37026973),Jonathan Kuminga (37026881),Jalen Suggs (37026798),True,True,True,False,True,True,True,True
4564174823,171750135,NBA $15K mini-MAX [150 Entry Max],Anthony Black (37027031) (LOCKED),Buddy Hield (37026973) (LOCKED),Justin Champagnie (37026970) (LOCKED),Jonathan Kuminga (37026881) (LOCKED),Anthony Davis (37026740),Klay Thompson (37026988) (LOCKED),LeBron James (37026748),Jrue Holiday (37026942) (LOCKED),True,True,True,True,True,True,True,True
4564174824,171750135,NBA $15K mini-MAX [150 Entry Max],Jalen Suggs (37026798) (LOCKED),Anthony Black (37027031) (LOCKED),Jaylen Brown (37026775) (LOCKED),Kevin Durant (37026771) (LOCKED),Goga Bitadze (37026910) (LOCKED),Buddy Hield (37026973) (LOCKED),Jonathan Kuminga (37026881) (LOCKED),Dereck Lively II (37026945) (LOCKED),True,True,True,True,True,True,True,True
4564174825,171750135,NBA $15K mini-MAX [150 Entry Max],Jalen Suggs (37026798) (LOCKED),Anthony Black (37027031) (LOCKED),Nickeil Alexander#Walker (37027116) (LOCKED),Jonathan Kuminga (37026881) (LOCKED),Goga Bitadze (37026910) (LOCKED),Jordan Poole (37026805) (LOCKED),LeBron James (37026748),Jusuf Nurkic (37026849) (LOCKED),True,True,True,True,True,True,True,True
4564174826,171750135,NBA $15K mini-MAX [150 Entry Max],Derrick White (37026821) (LOCKED),Anthony Black (37027031) (LOCKED),Jaylen Brown (37026775) (LOCKED),Jonathan Kuminga (37026881) (LOCKED),Goga Bitadze (37026910) (LOCKED),Jrue Holiday (37026942) (LOCKED),Jaden McDaniels (37027041) (LOCKED),LeBron James (37026748),True,True,True,True,True,True,True,True
4564174827,171750135,NBA $15K mini-MAX [150 Entry Max],Marcus Smart (37027018),Buddy Hield (37026973) (LOCKED),Justin Champagnie (37026970) (LOCKED),Jayson Tatum (37026744) (LOCKED),Dereck Lively II (37026945) (LOCKED),Klay Thompson (37026988) (LOCKED),Jonathan Kuminga (37026881) (LOCKED),Anthony Davis (37026740),True,True,True,True,True,True,True,True
4564174828,171750135,NBA $15K mini-MAX [150 Entry Max],Mike Conley (37026982) (LOCKED),Anthony Black (37027031) (LOCKED),Jaden McDaniels (37027041) (LOCKED),Julius Randle (37026792) (LOCKED),Anthony Davis (37026740),Jrue Holiday (37026942) (LOCKED),Jonathan Kuminga (37026881) (LOCKED),Kristaps Porzingis (37026796) (LOCKED),True,True,True,True,True,True,True,True
4564174829,171750135,NBA $15K mini-MAX [150 Entry Max],Austin Reaves (37026858),Buddy Hield (37026973) (LOCKED),Jaden McDaniels (37027041) (LOCKED),LeBron James (37026748),Anthony Davis (37026740),Jared Butler (37027124) (LOCKED),Justin Champagnie (37026970) (LOCKED),Goga Bitadze (37026910) (LOCKED),True,True,True,True,True,True,True,True
4564174830,171750135,NBA $15K mini-MAX [150 Entry Max],Luka Doncic (37026735),Anthony Black (37027031),Bilal Coulibaly (37026927),Alexandre Sarr (37026917),Jusuf Nurkic (37026849),Jared Butler (37027124),Jonathan Kuminga (37026881),Kristaps Porzingis (37026796),True,True,True,False,True,True,True,True
4564174831,171750135,NBA $15K mini-MAX [150 Entry Max],Jalen Suggs (37026798) (LOCKED),Devin Vassell (37026907) (LOCKED),Bilal Coulibaly (37026927) (LOCKED),Jonathan Kuminga (37026881) (LOCKED),Goga Bitadze (37026910) (LOCKED),Klay Thompson (37026988) (LOCKED),Jaylen Brown (37026775) (LOCKED),Kristaps Porzingis (37026796) (LOCKED),True,True,True,True,True,True,True,True
4564174832,171750135,NBA $15K mini-MAX [150 Entry Max],Jalen Suggs (37026798) (LOCKED),Austin Reaves (37026858),Klay Thompson (37026988) (LOCKED),Jayson Tatum (37026744) (LOCKED),Kristaps Porzingis (37026796) (LOCKED),Cole Anthony (37027044) (LOCKED),Bilal Coulibaly (37026927) (LOCKED),Dereck Lively II (37026945) (LOCKED),True,True,True,True,True,True,True,True
4564174833,171750135,NBA $15K mini-MAX [150 Entry Max],Jordan Poole (37026805) (LOCKED),Devin Vassell (37026907) (LOCKED),Jaden McDaniels (37027041) (LOCKED),Jayson Tatum (37026744) (LOCKED),Dereck Lively II (37026945) (LOCKED),Buddy Hield (37026973) (LOCKED),Jonathan Kuminga (37026881) (LOCKED),Kristaps Porzingis (37026796) (LOCKED),True,True,True,True,True,True,True,True
4564174834,171750135,NBA $15K mini-MAX [150 Entry Max],Jrue Holiday (37026942) (LOCKED),Klay Thompson (37026988) (LOCKED),Justin Champagnie (37026970) (LOCKED),Jonathan Kuminga (37026881) (LOCKED),Anthony Davis (37026740),Jalen Suggs (37026798) (LOCKED),Jaden McDaniels (37027041) (LOCKED),Kristaps Porzingis (37026796) (LOCKED),True,True,True,True,True,True,True,True
4564174835,171750135,NBA $15K mini-MAX [150 Entry Max],Jared Butler (37027124) (LOCKED),Cole Anthony (37027044) (LOCKED),Jaden McDaniels (37027041) (LOCKED),Jonathan Kuminga (37026881) (LOCKED),Dereck Lively II (37026945) (LOCKED),Luka Doncic (37026735) (LOCKED),LeBron James (37026748),Goga Bitadze (37026910) (LOCKED),True,True,True,True,True,True,True,True
4564174836,171750135,NBA $15K mini-MAX [150 Entry Max],Jared Butler (37027124) (LOCKED),Klay Thompson (37026988) (LOCKED),Jaden McDaniels (37027041) (LOCKED),Precious Achiuwa (37027135) (LOCKED),Anthony Davis (37026740),Jalen Suggs (37026798) (LOCKED),Jonathan Kuminga (37026881) (LOCKED),LeBron James (37026748),True,True,True,True,True,True,True,True
4564174837,171750135,NBA $15K mini-MAX [150 Entry Max],Anthony Black (37027031) (LOCKED),Austin Reaves (37026858),Jaden McDaniels (37027041) (LOCKED),Jonathan Kuminga (37026881) (LOCKED),Anthony Davis (37026740),Jared Butler (37027124) (LOCKED),Wendell Carter Jr. (37026930) (LOCKED),LeBron James (37026748),True,True,True,True,True,True,True,True
4564174838,171750135,NBA $15K mini-MAX [150 Entry Max],Anthony Black (37027031) (LOCKED),Buddy Hield (37026973) (LOCKED),Klay Thompson (37026988) (LOCKED),Kevin Durant (37026771) (LOCKED),Kristaps Porzingis (37026796) (LOCKED),Cole Anthony (37027044) (LOCKED),Jonathan Kuminga (37026881) (LOCKED),LeBron James (37026748),True,True,True,True,True,True,True,True
4564174839,171750135,NBA $15K mini-MAX [150 Entry Max],Jalen Suggs (37026798) (LOCKED),Anthony Black (37027031) (LOCKED),Bilal Coulibaly (37026927) (LOCKED),Jonathan Kuminga (37026881) (LOCKED),Jaren Jackson Jr. (37026801),Buddy Hield (37026973) (LOCKED),Jayson Tatum (37026744) (LOCKED),Wendell Carter Jr. (37026930) (LOCKED),True,True,True,True,True,True,True,True
4564174840,171750135,NBA $15K mini-MAX [150 Entry Max],Jared Butler (37027124) (LOCKED),Jordan Poole (37026805) (LOCKED),Toumani Camara (37027005) (LOCKED),Kevin Durant (37026771) (LOCKED),Dereck Lively II (37026945) (LOCKED),Anthony Black (37027031) (LOCKED),Jonathan Kuminga (37026881) (LOCKED),Anthony Davis (37026740),True,True,True,True,True,True,True,True
4564174841,171750135,NBA $15K mini-MAX [150 Entry Max],Anthony Black (37027031) (LOCKED),Devin Vassell (37026907) (LOCKED),Justin Champagnie (37026970) (LOCKED),Jayson Tatum (37026744) (LOCKED),Karl#Anthony Towns (37026742) (LOCKED),Jrue Holiday (37026942) (LOCKED),Naz Reid (37026966) (LOCKED),Goga Bitadze (37026910) (LOCKED),True,True,True,True,True,True,True,True
4564174842,171750135,NBA $15K mini-MAX [150 Entry Max],Jared Butler (37027124) (LOCKED),Anthony Black (37027031) (LOCKED),Klay Thompson (37026988) (LOCKED),Naz Reid (37026966) (LOCKED),Karl#Anthony Towns (37026742) (LOCKED),Jalen Suggs (37026798) (LOCKED),LeBron James (37026748),Dereck Lively II (37026945) (LOCKED),True,True,True,True,True,True,True,True
4564174843,171750135,NBA $15K mini-MAX [150 Entry Max],Jrue Holiday (37026942) (LOCKED),Jordan Poole (37026805) (LOCKED),Bilal Coulibaly (37026927) (LOCKED),LeBron James (37026748),Goga Bitadze (37026910) (LOCKED),Jared Butler (37027124) (LOCKED),Jaylen Brown (37026775) (LOCKED),Buddy Hield (37026973) (LOCKED),True,True,True,True,True,True,True,True
4564174844,171750135,NBA $15K mini-MAX [150 Entry Max],Anthony Black (37027031) (LOCKED),Jordan Poole (37026805) (LOCKED),Klay Thompson (37026988) (LOCKED),Jonathan Kuminga (37026881) (LOCKED),Kevin Durant (37026771) (LOCKED),Devin Vassell (37026907) (LOCKED),OG Anunoby (37026854) (LOCKED),Kristaps Porzingis (37026796) (LOCKED),True,True,True,True,True,True,True,True
4564174845,171750135,NBA $15K mini-MAX [150 Entry Max],Jalen Suggs (37026798) (LOCKED),Austin Reaves (37026858),Justin Champagnie (37026970) (LOCKED),Jonathan Kuminga (37026881) (LOCKED),Rudy Gobert (37026830) (LOCKED),Anthony Black (37027031) (LOCKED),Jonathan Isaac (37027103) (LOCKED),Anthony Davis (37026740),True,True,True,True,True,True,True,True
4564174846,171750135,NBA $15K mini-MAX [150 Entry Max],Donte DiVincenzo (37027071) (LOCKED),Anthony Black (37027031) (LOCKED),Bilal Coulibaly (37026927) (LOCKED),Jonathan Kuminga (37026881) (LOCKED),Anthony Davis (37026740),Austin Reaves (37026858),Jaden McDaniels (37027041) (LOCKED),LeBron James (37026748),True,True,True,True,True,True,True,True
4564174847,171750135,NBA $15K mini-MAX [150 Entry Max],Anthony Black (37027031) (LOCKED),Devin Vassell (37026907) (LOCKED),Bilal Coulibaly (37026927) (LOCKED),Jayson Tatum (37026744) (LOCKED),Dereck Lively II (37026945) (LOCKED),Mike Conley (37026982) (LOCKED),LeBron James (37026748),Goga Bitadze (37026910) (LOCKED),True,True,True,True,True,True,True,True
4564174848,171750135,NBA $15K mini-MAX [150 Entry Max],Jordan Poole (37026805) (LOCKED),Payton Pritchard (37026888) (LOCKED),Bilal Coulibaly (37026927) (LOCKED),Jayson Tatum (37026744) (LOCKED),Goga Bitadze (37026910) (LOCKED),Jalen Suggs (37026798) (LOCKED),Justin Champagnie (37026970) (LOCKED),Anthony Black (37027031) (LOCKED),True,True,True,True,True,True,True,True
4564174849,171750135,NBA $15K mini-MAX [150 Entry Max],Austin Reaves (37026858),Anthony Black (37027031) (LOCKED),Klay Thompson (37026988) (LOCKED),Jonathan Isaac (37027103) (LOCKED),Karl#Anthony Towns (37026742) (LOCKED),Jared Butler (37027124) (LOCKED),LeBron James (37026748),Kristaps Porzingis (37026796) (LOCKED),True,True,True,True,True,True,True,True
4564174850,171750135,NBA $15K mini-MAX [150 Entry Max],Jalen Suggs (37026798) (LOCKED),Buddy Hield (37026973) (LOCKED),Nickeil Alexander#Walker (37027116) (LOCKED),Wendell Carter Jr. (37026930) (LOCKED),Dereck Lively II (37026945) (LOCKED),Austin Reaves (37026858),Jayson Tatum (37026744) (LOCKED),Kristaps Porzingis (37026796) (LOCKED),True,True,True,True,True,True,True,True
4564174851,171750135,NBA $15K mini-MAX [150 Entry Max],Anthony Black (37027031) (LOCKED),Devin Vassell (37026907) (LOCKED),Jaden McDaniels (37027041) (LOCKED),Jonathan Kuminga (37026881) (LOCKED),Dereck Lively II (37026945) (LOCKED),Mike Conley (37026982) (LOCKED),LeBron James (37026748),Anthony Davis (37026740),True,True,True,True,True,True,True,True
4564174852,171750135,NBA $15K mini-MAX [150 Entry Max],Mike Conley (37026982) (LOCKED),Buddy Hield (37026973) (LOCKED),Klay Thompson (37026988) (LOCKED),Jayson Tatum (37026744) (LOCKED),Dereck Lively II (37026945) (LOCKED),Anthony Black (37027031) (LOCKED),Jonathan Kuminga (37026881) (LOCKED),Anthony Davis (37026740),True,True,True,True,True,True,True,True
4564174853,171750135,NBA $15K mini-MAX [150 Entry Max],Jalen Suggs (37026798) (LOCKED),Donte DiVincenzo (37027071) (LOCKED),Klay Thompson (37026988) (LOCKED),Jayson Tatum (37026744) (LOCKED),Kevin Durant (37026771) (LOCKED),Mike Conley (37026982) (LOCKED),Bilal Coulibaly (37026927) (LOCKED),Goga Bitadze (37026910) (LOCKED),True,True,True,True,True,True,True,True
4564174854,171750135,NBA $15K mini-MAX [150 Entry Max],Jared Butler (37027124) (LOCKED),Desmond Bane (37026825),Jaden McDaniels (37027041) (LOCKED),Jonathan Kuminga (37026881) (LOCKED),Rudy Gobert (37026830) (LOCKED),Jalen Suggs (37026798) (LOCKED),Justin Champagnie (37026970) (LOCKED),Anthony Davis (37026740),True,True,True,True,True,True,True,True
4564174855,171750135,NBA $15K mini-MAX [150 Entry Max],Jalen Suggs (37026798) (LOCKED),Buddy Hield (37026973) (LOCKED),Jayson Tatum (37026744) (LOCKED),Alexandre Sarr (37026917) (LOCKED),Kristaps Porzingis (37026796) (LOCKED),Jared Butler (37027124) (LOCKED),Jonathan Kuminga (37026881) (LOCKED),Dereck Lively II (37026945) (LOCKED),True,True,True,True,True,True,True,True
4564174856,171750135,NBA $15K mini-MAX [150 Entry Max],Anthony Edwards (37026764) (LOCKED),Anthony Black (37027031) (LOCKED),Bilal Coulibaly (37026927) (LOCKED),Wendell Carter Jr. (37026930) (LOCKED),Dereck Lively II (37026945) (LOCKED),Jrue Holiday (37026942) (LOCKED),Naz Reid (37026966) (LOCKED),Anthony Davis (37026740),True,True,True,True,True,True,True,True
4564174857,171750135,NBA $15K mini-MAX [150 Entry Max],Ja Morant (37026768),Buddy Hield (37026973) (LOCKED),Klay Thompson (37026988) (LOCKED),Naz Reid (37026966) (LOCKED),Kristaps Porzingis (37026796) (LOCKED),Jared Butler (37027124) (LOCKED),Jonathan Kuminga (37026881) (LOCKED),LeBron James (37026748),True,True,True,True,True,True,True,True
4564174858,171750135,NBA $15K mini-MAX [150 Entry Max],Marcus Smart (37027018),Buddy Hield (37026973) (LOCKED),Jayson Tatum (37026744) (LOCKED),Jonathan Kuminga (37026881) (LOCKED),Dereck Lively II (37026945) (LOCKED),Anthony Black (37027031) (LOCKED),Justin Champagnie (37026970) (LOCKED),Anthony Davis (37026740),True,True,True,True,True,True,True,True
4564174859,171750135,NBA $15K mini-MAX [150 Entry Max],Jalen Suggs (37026798) (LOCKED),Anthony Black (37027031) (LOCKED),Jaden McDaniels (37027041) (LOCKED),Brandon Clarke (37027035),Goga Bitadze (37026910) (LOCKED),Jared Butler (37027124) (LOCKED),LeBron James (37026748),Anthony Davis (37026740),True,True,True,True,True,True,True,True
4564174860,171750135,NBA $15K mini-MAX [150 Entry Max],Jalen Suggs (37026798) (LOCKED),Devin Vassell (37026907) (LOCKED),Klay Thompson (37026988) (LOCKED),LeBron James (37026748),Kristaps Porzingis (37026796) (LOCKED),Jared Butler (37027124) (LOCKED),OG Anunoby (37026854) (LOCKED),Jrue Holiday (37026942) (LOCKED),True,True,True,True,True,True,True,True
4564174861,171750135,NBA $15K mini-MAX [150 Entry Max],Anthony Black (37027031),Devin Vassell (37026907),Jayson Tatum (37026744),Alexandre Sarr (37026917),Dereck Lively II (37026945),Jared Butler (37027124),Jonathan Kuminga (37026881),Karl-Anthony Towns (37026742),True,True,True,False,True,True,True,True
4564174862,171750135,NBA $15K mini-MAX [150 Entry Max],Jrue Holiday (37026942) (LOCKED),Jordan Poole (37026805) (LOCKED),Klay Thompson (37026988) (LOCKED),LeBron James (37026748),Goga Bitadze (37026910) (LOCKED),Buddy Hield (37026973) (LOCKED),Wendell Carter Jr. (37026930) (LOCKED),Kristaps Porzingis (37026796) (LOCKED),True,True,True,True,True,True,True,True
4564174863,171750135,NBA $15K mini-MAX [150 Entry Max],Mike Conley (37026982) (LOCKED),Buddy Hield (37026973) (LOCKED),Justin Champagnie (37026970) (LOCKED),LeBron James (37026748),Dereck Lively II (37026945) (LOCKED),Klay Thompson (37026988) (LOCKED),Jaylen Brown (37026775) (LOCKED),Jalen Suggs (37026798) (LOCKED),True,True,True,True,True,True,True,True
4564174864,171750135,NBA $15K mini-MAX [150 Entry Max],Ja Morant (37026768),Anthony Black (37027031),Bilal Coulibaly (37026927),Naz Reid (37026966),Dereck Lively II (37026945),Buddy Hield (37026973),Jonathan Kuminga (37026881),Anthony Davis (37026740),True,True,False,True,True,True,True,True
4564174865,171750135,NBA $15K mini-MAX [150 Entry Max],Jrue Holiday (37026942) (LOCKED),Anthony Black (37027031) (LOCKED),Justin Champagnie (37026970) (LOCKED),Jonathan Kuminga (37026881) (LOCKED),Dereck Lively II (37026945) (LOCKED),Carlton Carrington (37026938) (LOCKED),LeBron James (37026748),Karl#Anthony Towns (37026742) (LOCKED),True,True,True,True,True,True,True,True
4564174866,171750135,NBA $15K mini-MAX [150 Entry Max],Jordan Poole (37026805) (LOCKED),Anthony Black (37027031) (LOCKED),Justin Champagnie (37026970) (LOCKED),Alexandre Sarr (37026917) (LOCKED),Kristaps Porzingis (37026796) (LOCKED),Jrue Holiday (37026942) (LOCKED),Jonathan Kuminga (37026881) (LOCKED),LeBron James (37026748),True,True,True,True,True,True,True,True
4564174867,171750135,NBA $15K mini-MAX [150 Entry Max],Jared Butler (37027124) (LOCKED),Payton Pritchard (37026888) (LOCKED),Toumani Camara (37027005) (LOCKED),Jonathan Kuminga (37026881) (LOCKED),Anthony Davis (37026740),Anthony Black (37027031) (LOCKED),LeBron James (37026748),Goga Bitadze (37026910) (LOCKED),True,True,True,True,True,True,True,True
4564174868,171750135,NBA $15K mini-MAX [150 Entry Max],Donte DiVincenzo (37027071) (LOCKED),Buddy Hield (37026973) (LOCKED),Klay Thompson (37026988) (LOCKED),Naz Reid (37026966) (LOCKED),Victor Wembanyama (37026738) (LOCKED),Marcus Smart (37027018),Jonathan Kuminga (37026881) (LOCKED),Anthony Davis (37026740),True,True,True,True,True,True,True,True
4564174869,171750135,NBA $15K mini-MAX [150 Entry Max],Jalen Suggs (37026798) (LOCKED),Buddy Hield (37026973) (LOCKED),Justin Champagnie (37026970) (LOCKED),Alexandre Sarr (37026917) (LOCKED),Kristaps Porzingis (37026796) (LOCKED),Ja Morant (37026768),Jonathan Kuminga (37026881) (LOCKED),Goga Bitadze (37026910) (LOCKED),True,True,True,True,True,True,True,True
4564174870,171750135,NBA $15K mini-MAX [150 Entry Max],Anthony Black (37027031) (LOCKED),Devin Vassell (37026907) (LOCKED),Jaden McDaniels (37027041) (LOCKED),Jayson Tatum (37026744) (LOCKED),Karl#Anthony Towns (37026742) (LOCKED),Jalen Suggs (37026798) (LOCKED),Klay Thompson (37026988) (LOCKED),Kevon Looney (37027075) (LOCKED),True,True,True,True,True,True,True,True
4564174871,171750135,NBA $15K mini-MAX [150 Entry Max],Anthony Black (37027031) (LOCKED),Devin Vassell (37026907) (LOCKED),Nickeil Alexander#Walker (37027116) (LOCKED),Naz Reid (37026966) (LOCKED),Karl#Anthony Towns (37026742) (LOCKED),Jalen Suggs (37026798) (LOCKED),Wendell Carter Jr. (37026930) (LOCKED),Kevin Durant (37026771) (LOCKED),True,True,True,True,True,True,True,True
4564174872,171750135,NBA $15K mini-MAX [150 Entry Max],Luka Doncic (37026735) (LOCKED),Anthony Black (37027031) (LOCKED),Desmond Bane (37026825),Jonathan Kuminga (37026881) (LOCKED),Jusuf Nurkic (37026849) (LOCKED),Devin Vassell (37026907) (LOCKED),Justin Champagnie (37026970) (LOCKED),Dereck Lively II (37026945) (LOCKED),True,True,True,True,True,True,True,True
4564174873,171750135,NBA $15K mini-MAX [150 Entry Max],Mike Conley (37026982) (LOCKED),Anthony Black (37027031) (LOCKED),Bilal Coulibaly (37026927) (LOCKED),Jonathan Kuminga (37026881) (LOCKED),Anthony Davis (37026740),Jordan Poole (37026805) (LOCKED),Klay Thompson (37026988) (LOCKED),Kristaps Porzingis (37026796) (LOCKED),True,True,True,True,True,True,True,True
4564174874,171750135,NBA $15K mini-MAX [150 Entry Max],Cole Anthony (37027044) (LOCKED),Jordan Poole (37026805) (LOCKED),Justin Champagnie (37026970) (LOCKED),LeBron James (37026748),Goga Bitadze (37026910) (LOCKED),Buddy Hield (37026973) (LOCKED),Jaylen Brown (37026775) (LOCKED),Wendell Carter Jr. (37026930) (LOCKED),True,True,True,True,True,True,True,True
4564174875,171750135,NBA $15K mini-MAX [150 Entry Max],Jalen Suggs (37026798) (LOCKED),Anthony Black (37027031) (LOCKED),Jayson Tatum (37026744) (LOCKED),Alexandre Sarr (37026917) (LOCKED),Dereck Lively II (37026945) (LOCKED),Devin Vassell (37026907) (LOCKED),Jaylen Brown (37026775) (LOCKED),Jared Butler (37027124) (LOCKED),True,True,True,True,True,True,True,True
4564174876,171750135,NBA $15K mini-MAX [150 Entry Max],Jalen Suggs (37026798) (LOCKED),Buddy Hield (37026973) (LOCKED),Justin Champagnie (37026970) (LOCKED),Jonathan Kuminga (37026881) (LOCKED),Goga Bitadze (37026910) (LOCKED),Jared Butler (37027124) (LOCKED),LeBron James (37026748),Kyrie Irving (37026783) (LOCKED),True,True,True,True,True,True,True,True
4564174877,171750135,NBA $15K mini-MAX [150 Entry Max],Jared Butler (37027124) (LOCKED),Donte DiVincenzo (37027071) (LOCKED),Justin Champagnie (37026970) (LOCKED),Jonathan Kuminga (37026881) (LOCKED),Anthony Davis (37026740),Luka Doncic (37026735) (LOCKED),Bilal Coulibaly (37026927) (LOCKED),Anthony Black (37027031) (LOCKED),True,True,True,True,True,True,True,True
4564174878,171750135,NBA $15K mini-MAX [150 Entry Max],Austin Reaves (37026858),Devin Vassell (37026907) (LOCKED),Klay Thompson (37026988) (LOCKED),Jonathan Kuminga (37026881) (LOCKED),Kristaps Porzingis (37026796) (LOCKED),Anthony Black (37027031) (LOCKED),Jayson Tatum (37026744) (LOCKED),Jusuf Nurkic (37026849) (LOCKED),True,True,True,True,True,True,True,True
4564174664,171750432,NBA $400 Dime Time [Just $0.10!],Marcus Smart (37027018),Devin Vassell (37026907),Bilal Coulibaly (37026927),Jonathan Kuminga (37026881),Goga Bitadze (37026910),Jalen Brunson (37026780),LeBron James (37026748),Buddy Hield (37026973),True,True,False,True,True,True,True,True
4564174665,171750432,NBA $400 Dime Time [Just $0.10!],Jared Butler (37027124),Anthony Black (37027031),Bilal Coulibaly (37026927),Jonathan Kuminga (37026881),Victor Wembanyama (37026738),Buddy Hield (37026973),LeBron James (37026748),Dereck Lively II (37026945),True,True,False,True,True,True,True,True
4564174666,171750432,NBA $400 Dime Time [Just $0.10!],Jalen Brunson (37026780) (LOCKED),Devin Vassell (37026907) (LOCKED),Justin Champagnie (37026970) (LOCKED),Kevin Durant (37026771) (LOCKED),Dereck Lively II (37026945) (LOCKED),Buddy Hield (37026973) (LOCKED),Bilal Coulibaly (37026927) (LOCKED),Kristaps Porzingis (37026796) (LOCKED),True,True,True,True,True,True,True,True
4564174667,171750432,NBA $400 Dime Time [Just $0.10!],Jared Butler (37027124) (LOCKED),Anthony Black (37027031) (LOCKED),OG Anunoby (37026854) (LOCKED),Jonathan Kuminga (37026881) (LOCKED),Kristaps Porzingis (37026796) (LOCKED),Kyrie Irving (37026783) (LOCKED),Jaylen Brown (37026775) (LOCKED),Goga Bitadze (37026910) (LOCKED),True,True,True,True,True,True,True,True
4564174668,171750432,NBA $400 Dime Time [Just $0.10!],Austin Reaves (37026858),Anthony Black (37027031) (LOCKED),Bilal Coulibaly (37026927) (LOCKED),LeBron James (37026748),Karl#Anthony Towns (37026742) (LOCKED),Jared Butler (37027124) (LOCKED),Wendell Carter Jr. (37026930) (LOCKED),Goga Bitadze (37026910) (LOCKED),True,True,True,True,True,True,True,True
4564174669,171750432,NBA $400 Dime Time [Just $0.10!],Jordan Poole (37026805),Devin Vassell (37026907),Bilal Coulibaly (37026927),Jonathan Kuminga (37026881),Rudy Gobert (37026830),Jared Butler (37027124),LeBron James (37026748),Goga Bitadze (37026910),True,True,False,True,True,True,True,True
4564174670,171750432,NBA $400 Dime Time [Just $0.10!],Jalen Brunson (37026780) (LOCKED),Anthony Black (37027031) (LOCKED),Klay Thompson (37026988) (LOCKED),Jonathan Kuminga (37026881) (LOCKED),Anthony Davis (37026740),Buddy Hield (37026973) (LOCKED),Wendell Carter Jr. (37026930) (LOCKED),Goga Bitadze (37026910) (LOCKED),True,True,True,True,True,True,True,True
4564174671,171750432,NBA $400 Dime Time [Just $0.10!],Jared Butler (37027124) (LOCKED),Jordan Poole (37026805) (LOCKED),Justin Champagnie (37026970) (LOCKED),Jonathan Kuminga (37026881) (LOCKED),Dereck Lively II (37026945) (LOCKED),Austin Reaves (37026858),LeBron James (37026748),Josh Hart (37026811) (LOCKED),True,True,True,True,True,True,True,True
4564174672,171750432,NBA $400 Dime Time [Just $0.10!],Donte DiVincenzo (37027071) (LOCKED),Devin Vassell (37026907) (LOCKED),Klay Thompson (37026988) (LOCKED),Jonathan Kuminga (37026881) (LOCKED),Wendell Carter Jr. (37026930) (LOCKED),Jalen Suggs (37026798) (LOCKED),LeBron James (37026748),Kristaps Porzingis (37026796) (LOCKED),True,True,True,True,True,True,True,True
4564174673,171750432,NBA $400 Dime Time [Just $0.10!],Jared Butler (37027124) (LOCKED),Buddy Hield (37026973) (LOCKED),Klay Thompson (37026988) (LOCKED),Naz Reid (37026966) (LOCKED),Goga Bitadze (37026910) (LOCKED),Luka Doncic (37026735) (LOCKED),LeBron James (37026748),Dereck Lively II (37026945) (LOCKED),True,True,True,True,True,True,True,True
4564174674,171750432,NBA $400 Dime Time [Just $0.10!],Mike Conley (37026982) (LOCKED),Buddy Hield (37026973) (LOCKED),Justin Champagnie (37026970) (LOCKED),Jonathan Kuminga (37026881) (LOCKED),Goga Bitadze (37026910) (LOCKED),Luka Doncic (37026735) (LOCKED),Jaylen Brown (37026775) (LOCKED),Anthony Black (37027031) (LOCKED),True,True,True,True,True,True,True,True
4564174675,171750432,NBA $400 Dime Time [Just $0.10!],Jordan Poole (37026805) (LOCKED),Buddy Hield (37026973) (LOCKED),Klay Thompson (37026988) (LOCKED),Wendell Carter Jr. (37026930) (LOCKED),Julius Randle (37026792) (LOCKED),Anthony Black (37027031) (LOCKED),Jaylen Brown (37026775) (LOCKED),Kristaps Porzingis (37026796) (LOCKED),True,True,True,True,True,True,True,True
4564174676,171750432,NBA $400 Dime Time [Just $0.10!],Cole Anthony (37027044) (LOCKED),Jordan Poole (37026805) (LOCKED),Bilal Coulibaly (37026927) (LOCKED),Wendell Carter Jr. (37026930) (LOCKED),Daniel Gafford (37026980) (LOCKED),Jalen Suggs (37026798) (LOCKED),Jaylen Brown (37026775) (LOCKED),Kristaps Porzingis (37026796) (LOCKED),True,True,True,True,True,True,True,True
4564174677,171750432,NBA $400 Dime Time [Just $0.10!],Anthony Edwards (37026764) (LOCKED),Payton Pritchard (37026888) (LOCKED),Jayson Tatum (37026744) (LOCKED),Jonathan Kuminga (37026881) (LOCKED),Goga Bitadze (37026910) (LOCKED),Anthony Black (37027031) (LOCKED),Wendell Carter Jr. (37026930) (LOCKED),Jaden McDaniels (37027041) (LOCKED),True,True,True,True,True,True,True,True
4564174678,171750432,NBA $400 Dime Time [Just $0.10!],Jalen Suggs (37026798) (LOCKED),Anthony Black (37027031) (LOCKED),Jaylen Brown (37026775) (LOCKED),Jonathan Kuminga (37026881) (LOCKED),Dereck Lively II (37026945) (LOCKED),Donte DiVincenzo (37027071) (LOCKED),Justin Champagnie (37026970) (LOCKED),LeBron James (37026748),True,True,True,True,True,True,True,True
4564174679,171750432,NBA $400 Dime Time [Just $0.10!],Jared Butler (37027124) (LOCKED),Jordan Poole (37026805) (LOCKED),Klay Thompson (37026988) (LOCKED),Julius Randle (37026792) (LOCKED),Dereck Lively II (37026945) (LOCKED),Buddy Hield (37026973) (LOCKED),Jonathan Kuminga (37026881) (LOCKED),Anthony Davis (37026740),True,True,True,True,True,True,True,True
4564174680,171750432,NBA $400 Dime Time [Just $0.10!],Jalen Suggs (37026798) (LOCKED),Anthony Black (37027031) (LOCKED),Jaden McDaniels (37027041) (LOCKED),Jonathan Kuminga (37026881) (LOCKED),Jusuf Nurkic (37026849) (LOCKED),Jordan Poole (37026805) (LOCKED),LeBron James (37026748),Jrue Holiday (37026942) (LOCKED),True,True,True,True,True,True,True,True
4564174681,171750432,NBA $400 Dime Time [Just $0.10!],Jordan Poole (37026805) (LOCKED),Donte DiVincenzo (37027071) (LOCKED),Jaden McDaniels (37027041) (LOCKED),Jonathan Kuminga (37026881) (LOCKED),Goga Bitadze (37026910) (LOCKED),Jalen Suggs (37026798) (LOCKED),Wendell Carter Jr. (37026930) (LOCKED),Anthony Davis (37026740),True,True,True,True,True,True,True,True
4564174682,171750432,NBA $400 Dime Time [Just $0.10!],Mike Conley (37026982) (LOCKED),Jordan Poole (37026805) (LOCKED),Jaden McDaniels (37027041) (LOCKED),Kevin Durant (37026771) (LOCKED),Wendell Carter Jr. (37026930) (LOCKED),Anthony Black (37027031) (LOCKED),Jonathan Kuminga (37026881) (LOCKED),LeBron James (37026748),True,True,True,True,True,True,True,True
4564174683,171750432,NBA $400 Dime Time [Just $0.10!],Jared Butler (37027124) (LOCKED),Buddy Hield (37026973) (LOCKED),Jayson Tatum (37026744) (LOCKED),OG Anunoby (37026854) (LOCKED),Kristaps Porzingis (37026796) (LOCKED),Jalen Brunson (37026780) (LOCKED),Klay Thompson (37026988) (LOCKED),Daniel Gafford (37026980) (LOCKED),True,True,True,True,True,True,True,True
4564174478,171753253,NBA $15K And-One,Jordan Poole (37026805) (LOCKED),Anthony Black (37027031) (LOCKED),Jayson Tatum (37026744) (LOCKED),Jonathan Kuminga (37026881) (LOCKED),Daniel Gafford (37026980) (LOCKED),Jalen Suggs (37026798) (LOCKED),Wendell Carter Jr. (37026930) (LOCKED),Devin Vassell (37026907) (LOCKED),True,True,True,True,True,True,True,True
4564174479,171753253,NBA $15K And-One,Jalen Suggs (37026798) (LOCKED),Anthony Black (37027031) (LOCKED),Jaden McDaniels (37027041) (LOCKED),Kevin Durant (37026771) (LOCKED),Dereck Lively II (37026945) (LOCKED),Jared Butler (37027124) (LOCKED),Jonathan Kuminga (37026881) (LOCKED),Anthony Davis (37026740),True,True,True,True,True,True,True,True
4564174480,171753253,NBA $15K And-One,Cole Anthony (37027044) (LOCKED),Klay Thompson (37026988) (LOCKED),Justin Champagnie (37026970) (LOCKED),Kevin Durant (37026771) (LOCKED),Rudy Gobert (37026830) (LOCKED),Jared Butler (37027124) (LOCKED),LeBron James (37026748),Jalen Suggs (37026798) (LOCKED),True,True,True,True,True,True,True,True
4564174481,171753253,NBA $15K And-One,Kyrie Irving (37026783) (LOCKED),Derrick White (37026821) (LOCKED),Justin Champagnie (37026970) (LOCKED),Jonathan Kuminga (37026881) (LOCKED),Dereck Lively II (37026945) (LOCKED),Jalen Suggs (37026798) (LOCKED),OG Anunoby (37026854) (LOCKED),Goga Bitadze (37026910) (LOCKED),True,True,True,True,True,True,True,True
4564174482,171753253,NBA $15K And-One,Ja Morant (37026768),Buddy Hield (37026973),Bilal Coulibaly (37026927),Jayson Tatum (37026744),Dereck Lively II (37026945),Anthony Black (37027031),Jonathan Kuminga (37026881),Goga Bitadze (37026910),True,True,False,True,True,True,True,True
4564174483,171753253,NBA $15K And-One,Anthony Black (37027031) (LOCKED),Jordan Poole (37026805) (LOCKED),Jayson Tatum (37026744) (LOCKED),Jonathan Kuminga (37026881) (LOCKED),Dereck Lively II (37026945) (LOCKED),Jalen Brunson (37026780) (LOCKED),Klay Thompson (37026988) (LOCKED),Buddy Hield (37026973) (LOCKED),True,True,True,True,True,True,True,True
4564174484,171753253,NBA $15K And-One,Luka Doncic (37026735) (LOCKED),Anthony Black (37027031) (LOCKED),Bilal Coulibaly (37026927) (LOCKED),OG Anunoby (37026854) (LOCKED),Daniel Gafford (37026980) (LOCKED),Jalen Suggs (37026798) (LOCKED),Jonathan Kuminga (37026881) (LOCKED),Justin Champagnie (37026970) (LOCKED),True,True,True,True,True,True,True,True
4564174485,171753253,NBA $15K And-One,Jordan Poole (37026805) (LOCKED),Austin Reaves (37026858),Jaden McDaniels (37027041) (LOCKED),Jonathan Kuminga (37026881) (LOCKED),Jusuf Nurkic (37026849) (LOCKED),Anthony Black (37027031) (LOCKED),Alexandre Sarr (37026917) (LOCKED),Anthony Davis (37026740),True,True,True,True,True,True,True,True
4564174486,171753253,NBA $15K And-One,Cole Anthony (37027044) (LOCKED),Anthony Black (37027031) (LOCKED),Justin Champagnie (37026970) (LOCKED),Jonathan Kuminga (37026881) (LOCKED),Kristaps Porzingis (37026796) (LOCKED),Kyrie Irving (37026783) (LOCKED),Alexandre Sarr (37026917) (LOCKED),LeBron James (37026748),True,True,True,True,True,True,True,True
4564174487,171753253,NBA $15K And-One,Jordan Poole (37026805) (LOCKED),Anthony Black (37027031) (LOCKED),Justin Champagnie (37026970) (LOCKED),LeBron James (37026748),Goga Bitadze (37026910) (LOCKED),Mike Conley (37026982) (LOCKED),Precious Achiuwa (37027135) (LOCKED),Karl#Anthony Towns (37026742) (LOCKED),True,True,True,True,True,True,True,True
4564174488,171753253,NBA $15K And-One,Anthony Black (37027031) (LOCKED),Payton Pritchard (37026888) (LOCKED),Justin Champagnie (37026970) (LOCKED),Naz Reid (37026966) (LOCKED),Victor Wembanyama (37026738) (LOCKED),Cole Anthony (37027044) (LOCKED),LeBron James (37026748),Devin Vassell (37026907) (LOCKED),True,True,True,True,True,True,True,True
4564174489,171753253,NBA $15K And-One,Jalen Suggs (37026798) (LOCKED),Kyrie Irving (37026783) (LOCKED),Jayson Tatum (37026744) (LOCKED),Wendell Carter Jr. (37026930) (LOCKED),Dereck Lively II (37026945) (LOCKED),Jared Butler (37027124) (LOCKED),Justin Champagnie (37026970) (LOCKED),Goga Bitadze (37026910) (LOCKED),True,True,True,True,True,True,True,True
4564174490,171753253,NBA $15K And-One,Jalen Suggs (37026798) (LOCKED),Austin Reaves (37026858),Jayson Tatum (37026744) (LOCKED),Jonathan Kuminga (37026881) (LOCKED),Dereck Lively II (37026945) (LOCKED),Jrue Holiday (37026942) (LOCKED),Bilal Coulibaly (37026927) (LOCKED),Goga Bitadze (37026910) (LOCKED),True,True,True,True,True,True,True,True
4564174491,171753253,NBA $15K And-One,Austin Reaves (37026858),Anthony Black (37027031) (LOCKED),Josh Hart (37026811) (LOCKED),Wendell Carter Jr. (37026930) (LOCKED),Goga Bitadze (37026910) (LOCKED),Klay Thompson (37026988) (LOCKED),LeBron James (37026748),Kristaps Porzingis (37026796) (LOCKED),True,True,True,True,True,True,True,True
4564174492,171753253,NBA $15K And-One,Jrue Holiday (37026942) (LOCKED),Buddy Hield (37026973) (LOCKED),Jayson Tatum (37026744) (LOCKED),Jonathan Kuminga (37026881) (LOCKED),Dereck Lively II (37026945) (LOCKED),Jared Butler (37027124) (LOCKED),Justin Champagnie (37026970) (LOCKED),Anthony Davis (37026740),True,True,True,True,True,True,True,True
4564174493,171753253,NBA $15K And-One,Mike Conley (37026982) (LOCKED),Anthony Black (37027031) (LOCKED),Toumani Camara (37027005) (LOCKED),Jonathan Kuminga (37026881) (LOCKED),Anthony Davis (37026740),Buddy Hield (37026973) (LOCKED),LeBron James (37026748),Goga Bitadze (37026910) (LOCKED),True,True,True,True,True,True,True,True
4564174494,171753253,NBA $15K And-One,Payton Pritchard (37026888) (LOCKED),Buddy Hield (37026973) (LOCKED),Bilal Coulibaly (37026927) (LOCKED),Jonathan Kuminga (37026881) (LOCKED),Anthony Davis (37026740),Jalen Suggs (37026798) (LOCKED),Jaden McDaniels (37027041) (LOCKED),Goga Bitadze (37026910) (LOCKED),True,True,True,True,True,True,True,True
4564174495,171753253,NBA $15K And-One,Anthony Black (37027031) (LOCKED),Buddy Hield (37026973) (LOCKED),Toumani Camara (37027005) (LOCKED),Jayson Tatum (37026744) (LOCKED),Kristaps Porzingis (37026796) (LOCKED),Jared Butler (37027124) (LOCKED),Bilal Coulibaly (37026927) (LOCKED),Karl#Anthony Towns (37026742) (LOCKED),True,True,True,True,True,True,True,True
4564174496,171753253,NBA $15K And-One,Jalen Suggs (37026798) (LOCKED),Buddy Hield (37026973) (LOCKED),Klay Thompson (37026988) (LOCKED),Jonathan Kuminga (37026881) (LOCKED),Goga Bitadze (37026910) (LOCKED),Anthony Black (37027031) (LOCKED),Desmond Bane (37026825),Anthony Davis (37026740),True,True,True,True,True,True,True,True
4564174497,171753253,NBA $15K And-One,Marcus Smart (37027018),Jordan Poole (37026805) (LOCKED),Bilal Coulibaly (37026927) (LOCKED),Alexandre Sarr (37026917) (LOCKED),Goga Bitadze (37026910) (LOCKED),Devin Vassell (37026907) (LOCKED),Jonathan Kuminga (37026881) (LOCKED),Anthony Davis (37026740),True,True,True,True,True,True,True,True
