Position,Name + ID,Name,ID,Roster Position,Salary,Game Info,TeamAbbrev,AvgPointsPerGame
C,Nikola Jokic (37172801),Nikola Jokic,37172801,C/UTIL,12000,DEN@UTA 12/30/2024 09:00PM ET,DEN,67.07
PG,Luka Doncic (37172803),Luka Doncic,37172803,PG/G/UTIL,11000,DAL@SAC 12/30/2024 10:00PM ET,DAL,56.17
PG,LaMelo Ball (37172806),LaMelo Ball,37172806,PG/G/UTIL,10000,CHI@CHA 12/30/2024 07:00PM ET,CHA,51.56
C,Karl-Anthony Towns (37172809),Karl-Anthony Towns,37172809,C/UTIL,9800,NYK@WAS 12/30/2024 07:00PM ET,NYK,51.06
C,Joel Embiid (37172811),Joel Embiid,37172811,C/UTIL,9500,PHI@POR 12/30/2024 10:00PM ET,PHI,40.25
C,Domantas Sabonis (37172813),Domantas Sabonis,37172813,C/UTIL,9300,DAL@SAC 12/30/2024 10:00PM ET,SAC,50.18
PG,James Harden (37172815),James Harden,37172815,PG/G/UTIL,9100,LAC@NOP 12/30/2024 08:00PM ET,LAC,46.02
PG,Stephen Curry (37172818),Stephen Curry,37172818,PG/G/UTIL,9000,CLE@GSW 12/30/2024 10:00PM ET,GSW,42.45
PG/SG,Kyrie Irving (37172821),Kyrie Irving,37172821,PG/SG/G/UTIL,8900,DAL@SAC 12/30/2024 10:00PM ET,DAL,41.09
PG,De'Aaron Fox (37172825),De'Aaron Fox,37172825,PG/G/UTIL,8800,DAL@SAC 12/30/2024 10:00PM ET,SAC,45.56
PF,Zion Williamson (37172828),Zion Williamson,37172828,PF/F/UTIL,8700,LAC@NOP 12/30/2024 08:00PM ET,NOP,43.42
SG/SF,Brandon Miller (37172834),Brandon Miller,37172834,SG/SF/F/G/UTIL,8600,CHI@CHA 12/30/2024 07:00PM ET,CHA,37.60
PG,Tyrese Maxey (37172831),Tyrese Maxey,37172831,PG/G/UTIL,8600,PHI@POR 12/30/2024 10:00PM ET,PHI,44.58
PG,Dejounte Murray (37172839),Dejounte Murray,37172839,PG/G/UTIL,8500,LAC@NOP 12/30/2024 08:00PM ET,NOP,40.3
PG,Jalen Brunson (37172842),Jalen Brunson,37172842,PG/G/UTIL,8400,NYK@WAS 12/30/2024 07:00PM ET,NYK,42.85
C,Nikola Vucevic (37172845),Nikola Vucevic,37172845,C/UTIL,8300,CHI@CHA 12/30/2024 07:00PM ET,CHI,42.14
PG/SG,Donovan Mitchell (37172847),Donovan Mitchell,37172847,PG/SG/G/UTIL,8200,CLE@GSW 12/30/2024 10:00PM ET,CLE,41.08
PG,Brandon Ingram (37172851),Brandon Ingram,37172851,PG/G/UTIL,8100,LAC@NOP 12/30/2024 08:00PM ET,NOP,39.19
PF/C,Kawhi Leonard (37172858),Kawhi Leonard,37172858,PF/C/F/UTIL,8000,LAC@NOP 12/30/2024 08:00PM ET,LAC,0
PG/SG,Jordan Poole (37172854),Jordan Poole,37172854,PG/SG/G/UTIL,7900,NYK@WAS 12/30/2024 07:00PM ET,WAS,36.47
PF/C,Evan Mobley (37172862),Evan Mobley,37172862,PF/C/F/UTIL,7800,CLE@GSW 12/30/2024 10:00PM ET,CLE,39.52
PG/SG,Jamal Murray (37172869),Jamal Murray,37172869,PG/SG/G/UTIL,7700,DEN@UTA 12/30/2024 09:00PM ET,DEN,38.83
SF,DeMar DeRozan (37172866),DeMar DeRozan,37172866,SF/F/UTIL,7700,DAL@SAC 12/30/2024 10:00PM ET,SAC,34.99
C,Ivica Zubac (37172873),Ivica Zubac,37172873,C/UTIL,7600,LAC@NOP 12/30/2024 08:00PM ET,LAC,38.38
SG/SF,Paul George (37172875),Paul George,37172875,SG/SF/F/G/UTIL,7500,PHI@POR 12/30/2024 10:00PM ET,PHI,34.64
SG/SF,Zach LaVine (37172880),Zach LaVine,37172880,SG/SF/F/G/UTIL,7400,CHI@CHA 12/30/2024 07:00PM ET,CHI,36.57
PF,Miles Bridges (37172890),Miles Bridges,37172890,PF/F/UTIL,7300,CHI@CHA 12/30/2024 07:00PM ET,CHA,34.31
SG/SF,Norman Powell (37172885),Norman Powell,37172885,SG/SF/F/G/UTIL,7300,LAC@NOP 12/30/2024 08:00PM ET,LAC,35.78
SF/PF,Lauri Markkanen (37172897),Lauri Markkanen,37172897,SF/PF/F/UTIL,7200,DEN@UTA 12/30/2024 09:00PM ET,UTA,33.58
PG/SG,CJ McCollum (37172893),CJ McCollum,37172893,PG/SG/G/UTIL,7200,LAC@NOP 12/30/2024 08:00PM ET,NOP,35.49
PG,Darius Garland (37172901),Darius Garland,37172901,PG/G/UTIL,7100,CLE@GSW 12/30/2024 10:00PM ET,CLE,36.51
PF/C,John Collins (37172913),John Collins,37172913,PF/C/F/UTIL,7000,DEN@UTA 12/30/2024 09:00PM ET,UTA,35.52
PG/SG,Malik Monk (37172904),Malik Monk,37172904,PG/SG/G/UTIL,7000,DAL@SAC 12/30/2024 10:00PM ET,SAC,30.7
PG,Josh Giddey (37172920),Josh Giddey,37172920,PG/G/UTIL,6900,CHI@CHA 12/30/2024 07:00PM ET,CHI,33.86
SG/SF,Trey Murphy III (37172908),Trey Murphy III,37172908,SG/SF/F/G/UTIL,6900,LAC@NOP 12/30/2024 08:00PM ET,NOP,33.60
SF/PF,Josh Hart (37172923),Josh Hart,37172923,SF/PF/F/UTIL,6800,NYK@WAS 12/30/2024 07:00PM ET,NYK,36.86
PF,PJ Washington (37172917),PJ Washington,37172917,PF/F/UTIL,6700,DAL@SAC 12/30/2024 10:00PM ET,DAL,30.02
PG,Anfernee Simons (37172927),Anfernee Simons,37172927,PG/G/UTIL,6700,PHI@POR 12/30/2024 10:00PM ET,POR,30.08
SF/PF,Michael Porter Jr. (37172932),Michael Porter Jr.,37172932,SF/PF/F/UTIL,6600,DEN@UTA 12/30/2024 09:00PM ET,DEN,33.9
C,Deandre Ayton (37172930),Deandre Ayton,37172930,C/UTIL,6600,PHI@POR 12/30/2024 10:00PM ET,POR,33.89
PG/SG,Coby White (37172936),Coby White,37172936,PG/SG/G/UTIL,6500,CHI@CHA 12/30/2024 07:00PM ET,CHI,31.71
SF,Bilal Coulibaly (37172940),Bilal Coulibaly,37172940,SF/F/UTIL,6500,NYK@WAS 12/30/2024 07:00PM ET,WAS,30.19
PG/SG,Ayo Dosunmu (37172946),Ayo Dosunmu,37172946,PG/SG/G/UTIL,6400,CHI@CHA 12/30/2024 07:00PM ET,CHI,27.42
PF,Kyle Kuzma (37172950),Kyle Kuzma,37172950,PF/F/UTIL,6400,NYK@WAS 12/30/2024 07:00PM ET,WAS,26.60
PG,Russell Westbrook (37172943),Russell Westbrook,37172943,PG/G/UTIL,6300,DEN@UTA 12/30/2024 09:00PM ET,DEN,30.89
C,Jarrett Allen (37172958),Jarrett Allen,37172958,C/UTIL,6300,CLE@GSW 12/30/2024 10:00PM ET,CLE,32.58
SG/SF,Mikal Bridges (37172953),Mikal Bridges,37172953,SG/SF/F/G/UTIL,6200,NYK@WAS 12/30/2024 07:00PM ET,NYK,31.02
C,Walker Kessler (37172964),Walker Kessler,37172964,C/UTIL,6200,DEN@UTA 12/30/2024 09:00PM ET,UTA,32.88
PG/SG,Collin Sexton (37172960),Collin Sexton,37172960,PG/SG/G/UTIL,6100,DEN@UTA 12/30/2024 09:00PM ET,UTA,27.78
C,Yves Missi (37172966),Yves Missi,37172966,C/UTIL,6100,LAC@NOP 12/30/2024 08:00PM ET,NOP,25.63
SF/PF,OG Anunoby (37172968),OG Anunoby,37172968,SF/PF/F/UTIL,6000,NYK@WAS 12/30/2024 07:00PM ET,NYK,30.81
PG/SG,Shaedon Sharpe (37172976),Shaedon Sharpe,37172976,PG/SG/G/UTIL,6000,PHI@POR 12/30/2024 10:00PM ET,POR,28.77
PG/SG,Malcolm Brogdon (37172972),Malcolm Brogdon,37172972,PG/SG/G/UTIL,5900,NYK@WAS 12/30/2024 07:00PM ET,WAS,26.16
PF/C,Draymond Green (37172980),Draymond Green,37172980,PF/C/F/UTIL,5900,CLE@GSW 12/30/2024 10:00PM ET,GSW,28.86
SG,Jordan Clarkson (37172984),Jordan Clarkson,37172984,SG/G/UTIL,5800,DEN@UTA 12/30/2024 09:00PM ET,UTA,28.30
PF,Jonathan Kuminga (37172990),Jonathan Kuminga,37172990,PF/F/UTIL,5800,CLE@GSW 12/30/2024 10:00PM ET,GSW,28.91
PG,Keyonte George (37172987),Keyonte George,37172987,PG/G/UTIL,5700,DEN@UTA 12/30/2024 09:00PM ET,UTA,30.58
SF/PF,Herbert Jones (37172993),Herbert Jones,37172993,SF/PF/F/UTIL,5700,LAC@NOP 12/30/2024 08:00PM ET,NOP,25.02
PF/C,Alexandre Sarr (37172997),Alexandre Sarr,37172997,PF/C/F/UTIL,5600,NYK@WAS 12/30/2024 07:00PM ET,WAS,27.62
SG/SF,Klay Thompson (37173004),Klay Thompson,37173004,SG/SF/F/G/UTIL,5600,DAL@SAC 12/30/2024 10:00PM ET,DAL,24.82
PG,Jose Alvarado (37173001),Jose Alvarado,37173001,PG/G/UTIL,5600,LAC@NOP 12/30/2024 08:00PM ET,NOP,24.23
PG/SG,Carlton Carrington (37173018),Carlton Carrington,37173018,PG/SG/G/UTIL,5500,NYK@WAS 12/30/2024 07:00PM ET,WAS,22.10
PF,Aaron Gordon (37173009),Aaron Gordon,37173009,PF/F/UTIL,5500,DEN@UTA 12/30/2024 09:00PM ET,DEN,26.94
C,Dereck Lively II (37173016),Dereck Lively II,37173016,C/UTIL,5500,DAL@SAC 12/30/2024 10:00PM ET,DAL,26.24
SF/PF,Deni Avdija (37173012),Deni Avdija,37173012,SF/PF/F/UTIL,5500,PHI@POR 12/30/2024 10:00PM ET,POR,28.35
SF/PF,Andrew Wiggins (37173025),Andrew Wiggins,37173025,SF/PF/F/UTIL,5400,CLE@GSW 12/30/2024 10:00PM ET,GSW,29.75
SG,Kelly Oubre Jr. (37173029),Kelly Oubre Jr.,37173029,SG/G/UTIL,5400,PHI@POR 12/30/2024 10:00PM ET,PHI,25.63
C,Mark Williams (37173036),Mark Williams,37173036,C/UTIL,5300,CHI@CHA 12/30/2024 07:00PM ET,CHA,24.94
SF/PF,Justin Champagnie (37173032),Justin Champagnie,37173032,SF/PF/F/UTIL,5300,NYK@WAS 12/30/2024 07:00PM ET,WAS,26.10
PG/SG,Dennis Schroder (37173041),Dennis Schroder,37173041,PG/SG/G/UTIL,5300,CLE@GSW 12/30/2024 10:00PM ET,GSW,31.28
PG,Spencer Dinwiddie (37173038),Spencer Dinwiddie,37173038,PG/G/UTIL,5200,DAL@SAC 12/30/2024 10:00PM ET,DAL,18.62
PF,Jerami Grant (37173022),Jerami Grant,37173022,PF/F/UTIL,5200,PHI@POR 12/30/2024 10:00PM ET,POR,27.24
C,Jonas Valanciunas (37173045),Jonas Valanciunas,37173045,C/UTIL,5100,NYK@WAS 12/30/2024 07:00PM ET,WAS,27.16
SG/SF,Quentin Grimes (37173047),Quentin Grimes,37173047,SG/SF/F/G/UTIL,5100,DAL@SAC 12/30/2024 10:00PM ET,DAL,18.59
C,Daniel Gafford (37173055),Daniel Gafford,37173055,C/UTIL,5000,DAL@SAC 12/30/2024 10:00PM ET,DAL,24.94
PF,Keegan Murray (37173057),Keegan Murray,37173057,PF/F/UTIL,5000,DAL@SAC 12/30/2024 10:00PM ET,SAC,27
PG,Scoot Henderson (37173052),Scoot Henderson,37173052,PG/G/UTIL,5000,PHI@POR 12/30/2024 10:00PM ET,POR,24.64
SG/SF,Christian Braun (37173060),Christian Braun,37173060,SG/SF/F/G/UTIL,4900,DEN@UTA 12/30/2024 09:00PM ET,DEN,26.69
C,Trayce Jackson-Davis (37173072),Trayce Jackson-Davis,37173072,C/UTIL,4900,CLE@GSW 12/30/2024 10:00PM ET,GSW,20.67
SF,Saddiq Bey (37173069),Saddiq Bey,37173069,SF/F/UTIL,4800,NYK@WAS 12/30/2024 07:00PM ET,WAS,0
PG/SG,Caris LeVert (37173065),Caris LeVert,37173065,PG/SG/G/UTIL,4800,CLE@GSW 12/30/2024 10:00PM ET,CLE,24.54
SG/SF,Cody Martin (37173074),Cody Martin,37173074,SG/SF/F/G/UTIL,4700,CHI@CHA 12/30/2024 07:00PM ET,CHA,21.43
SF/PF,Naji Marshall (37173097),Naji Marshall,37173097,SF/PF/F/UTIL,4700,DAL@SAC 12/30/2024 10:00PM ET,DAL,19.82
PG,Vasilije Micic (37173086),Vasilije Micic,37173086,PG/G/UTIL,4600,CHI@CHA 12/30/2024 07:00PM ET,CHA,17.15
SG/SF,Toumani Camara (37173079),Toumani Camara,37173079,SG/SF/F/G/UTIL,4600,PHI@POR 12/30/2024 10:00PM ET,POR,22.2
C,Andre Drummond (37173084),Andre Drummond,37173084,C/UTIL,4600,PHI@POR 12/30/2024 10:00PM ET,PHI,20.43
SF/PF,Josh Green (37173093),Josh Green,37173093,SF/PF/F/UTIL,4500,CHI@CHA 12/30/2024 07:00PM ET,CHA,15.67
SG/SF,Max Strus (37173108),Max Strus,37173108,SG/SF/F/G/UTIL,4500,CLE@GSW 12/30/2024 10:00PM ET,CLE,13.58
PF/C,Guerschon Yabusele (37173089),Guerschon Yabusele,37173089,PF/C/F/UTIL,4500,PHI@POR 12/30/2024 10:00PM ET,PHI,21.22
PF,Peyton Watson (37173113),Peyton Watson,37173113,PF/F/UTIL,4400,DEN@UTA 12/30/2024 09:00PM ET,DEN,18.39
PG,Kevin Porter Jr. (37173105),Kevin Porter Jr.,37173105,PG/G/UTIL,4400,LAC@NOP 12/30/2024 08:00PM ET,LAC,20.90
C,Nick Richards (37173123),Nick Richards,37173123,C/UTIL,4300,CHI@CHA 12/30/2024 07:00PM ET,CHA,24.61
SF/PF,Caleb Martin (37173116),Caleb Martin,37173116,SF/PF/F/UTIL,4300,PHI@POR 12/30/2024 10:00PM ET,PHI,20.78
PG/SG,Jordan Hawkins (37173128),Jordan Hawkins,37173128,PG/SG/G/UTIL,4300,LAC@NOP 12/30/2024 08:00PM ET,NOP,20.16
PF,Patrick Williams (37173120),Patrick Williams,37173120,PF/F/UTIL,4200,CHI@CHA 12/30/2024 07:00PM ET,CHI,22.15
PG,Tre Mann (37173125),Tre Mann,37173125,PG/G/UTIL,4200,CHI@CHA 12/30/2024 07:00PM ET,CHA,23.88
PF/C,Robert Williams (37173101),Robert Williams,37173101,PF/C/F/UTIL,4200,PHI@POR 12/30/2024 10:00PM ET,POR,19.98
SG/SF,Corey Kispert (37173136),Corey Kispert,37173136,SG/SF/F/G/UTIL,4100,NYK@WAS 12/30/2024 07:00PM ET,WAS,19.55
SF/PF,Kyshawn George (37173162),Kyshawn George,37173162,SF/PF/F/UTIL,4100,NYK@WAS 12/30/2024 07:00PM ET,WAS,18.91
PG/SG,Kris Dunn (37173132),Kris Dunn,37173132,PG/SG/G/UTIL,4100,LAC@NOP 12/30/2024 08:00PM ET,LAC,19.56
C,Jalen Smith (37173166),Jalen Smith,37173166,C/UTIL,4000,CHI@CHA 12/30/2024 07:00PM ET,CHI,18.37
SF/PF,Isaac Okoro (37173150),Isaac Okoro,37173150,SF/PF/F/UTIL,4000,CLE@GSW 12/30/2024 10:00PM ET,CLE,14.80
PG/SG,Brandin Podziemski (37173158),Brandin Podziemski,37173158,PG/SG/G/UTIL,4000,CLE@GSW 12/30/2024 10:00PM ET,GSW,20.81
SG/SF,Kevin Huerter (37173141),Kevin Huerter,37173141,SG/SF/F/G/UTIL,4000,DAL@SAC 12/30/2024 10:00PM ET,SAC,20.37
PG/SG,Jaden Hardy (37173154),Jaden Hardy,37173154,PG/SG/G/UTIL,4000,DAL@SAC 12/30/2024 10:00PM ET,DAL,11
PG/SG,Lonzo Ball (37173146),Lonzo Ball,37173146,PG/SG/G/UTIL,3900,CHI@CHA 12/30/2024 07:00PM ET,CHI,18
C,Mitchell Robinson (37173180),Mitchell Robinson,37173180,C/UTIL,3900,NYK@WAS 12/30/2024 07:00PM ET,NYK,0
SF/PF,Brice Sensabaugh (37173168),Brice Sensabaugh,37173168,SF/PF/F/UTIL,3900,DEN@UTA 12/30/2024 09:00PM ET,UTA,14.82
SF/PF,Dean Wade (37173176),Dean Wade,37173176,SF/PF/F/UTIL,3900,CLE@GSW 12/30/2024 10:00PM ET,CLE,17.82
PG/SG,Keon Ellis (37173172),Keon Ellis,37173172,PG/SG/G/UTIL,3900,DAL@SAC 12/30/2024 10:00PM ET,SAC,14.89
PF,Tidjane Salaun (37173189),Tidjane Salaun,37173189,PF/F/UTIL,3800,CHI@CHA 12/30/2024 07:00PM ET,CHA,13.62
PG/SG,Miles McBride (37173192),Miles McBride,37173192,PG/SG/G/UTIL,3800,NYK@WAS 12/30/2024 07:00PM ET,NYK,20.06
SG,Buddy Hield (37173182),Buddy Hield,37173182,SG/G/UTIL,3800,CLE@GSW 12/30/2024 10:00PM ET,GSW,22.10
SF/PF,Georges Niang (37173185),Georges Niang,37173185,SF/PF/F/UTIL,3800,CLE@GSW 12/30/2024 10:00PM ET,CLE,17.12
PF/C,Trey Lyles (37173196),Trey Lyles,37173196,PF/C/F/UTIL,3800,DAL@SAC 12/30/2024 10:00PM ET,SAC,14.93
PF/C,Maxi Kleber (37173205),Maxi Kleber,37173205,PF/C/F/UTIL,3700,DAL@SAC 12/30/2024 10:00PM ET,DAL,8.85
PG/SG,Dalano Banton (37173212),Dalano Banton,37173212,PG/SG/G/UTIL,3700,PHI@POR 12/30/2024 10:00PM ET,POR,18.84
PG/SF,Brandon Boston Jr. (37173200),Brandon Boston Jr.,37173200,PG/SF/F/G/UTIL,3700,LAC@NOP 12/30/2024 08:00PM ET,NOP,23.66
PF,Derrick Jones Jr. (37173209),Derrick Jones Jr.,37173209,PF/F/UTIL,3700,LAC@NOP 12/30/2024 08:00PM ET,LAC,18.94
PF/C,Precious Achiuwa (37173216),Precious Achiuwa,37173216,PF/C/F/UTIL,3600,NYK@WAS 12/30/2024 07:00PM ET,NYK,18.61
PG,Isaiah Collier (37173220),Isaiah Collier,37173220,PG/G/UTIL,3600,DEN@UTA 12/30/2024 09:00PM ET,UTA,11.39
C,Donovan Clingan (37173223),Donovan Clingan,37173223,C/UTIL,3600,PHI@POR 12/30/2024 10:00PM ET,POR,18.38
SF/PF,Amir Coffey (37173235),Amir Coffey,37173235,SF/PF/F/UTIL,3600,LAC@NOP 12/30/2024 08:00PM ET,LAC,16.83
SF,Talen Horton-Tucker (37173232),Talen Horton-Tucker,37173232,SF/F/UTIL,3500,CHI@CHA 12/30/2024 07:00PM ET,CHI,12.36
SG,Seth Curry (37173239),Seth Curry,37173239,SG/G/UTIL,3500,CHI@CHA 12/30/2024 07:00PM ET,CHA,8.59
C,Marvin Bagley III (37173242),Marvin Bagley III,37173242,C/UTIL,3500,NYK@WAS 12/30/2024 07:00PM ET,WAS,10.16
SG/SF,Svi Mykhailiuk (37173227),Svi Mykhailiuk,37173227,SG/SF/F/G/UTIL,3500,DEN@UTA 12/30/2024 09:00PM ET,UTA,15.17
C,Daniel Theis (37173225),Daniel Theis,37173225,C/UTIL,3500,LAC@NOP 12/30/2024 08:00PM ET,NOP,12.67
SF/PF,Matas Buzelis (37173247),Matas Buzelis,37173247,SF/PF/F/UTIL,3400,CHI@CHA 12/30/2024 07:00PM ET,CHI,11.56
C,Kyle Filipowski (37173256),Kyle Filipowski,37173256,C/UTIL,3400,DEN@UTA 12/30/2024 09:00PM ET,UTA,15.24
SG/SF,Julian Strawther (37173258),Julian Strawther,37173258,SG/SF/F/G/UTIL,3400,DEN@UTA 12/30/2024 09:00PM ET,DEN,15.95
SG,Sam Merrill (37173244),Sam Merrill,37173244,SG/G/UTIL,3400,CLE@GSW 12/30/2024 10:00PM ET,CLE,14.79
C,Kevon Looney (37173263),Kevon Looney,37173263,C/UTIL,3400,CLE@GSW 12/30/2024 10:00PM ET,GSW,17.64
SG/SF,Terance Mann (37173251),Terance Mann,37173251,SG/SF/F/G/UTIL,3400,LAC@NOP 12/30/2024 08:00PM ET,LAC,15.14
PG/SG,Jevon Carter (37173268),Jevon Carter,37173268,PG/SG/G/UTIL,3300,CHI@CHA 12/30/2024 07:00PM ET,CHI,6.87
PG/SG,Isaiah Wong (37173276),Isaiah Wong,37173276,PG/SG/G/UTIL,3300,CHI@CHA 12/30/2024 07:00PM ET,CHA,12.86
PF,Micah Potter (37173265),Micah Potter,37173265,PF/F/UTIL,3300,DEN@UTA 12/30/2024 09:00PM ET,UTA,13.94
C,Drew Eubanks (37173280),Drew Eubanks,37173280,C/UTIL,3300,DEN@UTA 12/30/2024 09:00PM ET,UTA,12.54
SF/PF,Olivier-Maxence Prosper (37173282),Olivier-Maxence Prosper,37173282,SF/PF/F/UTIL,3300,DAL@SAC 12/30/2024 10:00PM ET,DAL,5.77
PG/SG,Kyle Lowry (37173272),Kyle Lowry,37173272,PG/SG/G/UTIL,3300,PHI@POR 12/30/2024 10:00PM ET,PHI,13.89
PF/C,Jeremiah Robinson-Earl (37173286),Jeremiah Robinson-Earl,37173286,PF/C/F/UTIL,3300,LAC@NOP 12/30/2024 08:00PM ET,NOP,16.41
SF,Dalen Terry (37173302),Dalen Terry,37173302,SF/F/UTIL,3200,CHI@CHA 12/30/2024 07:00PM ET,CHI,8.78
SF/PF,Cody Williams (37173295),Cody Williams,37173295,SF/PF/F/UTIL,3200,DEN@UTA 12/30/2024 09:00PM ET,UTA,9.35
SF/PF,Hunter Tyson (37173309),Hunter Tyson,37173309,SF/PF/F/UTIL,3200,DEN@UTA 12/30/2024 09:00PM ET,DEN,6.89
PG,Ty Jerome (37173292),Ty Jerome,37173292,PG/G/UTIL,3200,CLE@GSW 12/30/2024 10:00PM ET,CLE,20.58
SF,Gary Payton II (37173313),Gary Payton II,37173313,SF/F/UTIL,3200,CLE@GSW 12/30/2024 10:00PM ET,GSW,11.93
C,Alex Len (37173290),Alex Len,37173290,C/UTIL,3200,DAL@SAC 12/30/2024 10:00PM ET,SAC,6.55
PG,Reggie Jackson (37173299),Reggie Jackson,37173299,PG/G/UTIL,3200,PHI@POR 12/30/2024 10:00PM ET,PHI,9.88
PF/C,Nicolas Batum (37173305),Nicolas Batum,37173305,PF/C/F/UTIL,3200,LAC@NOP 12/30/2024 08:00PM ET,LAC,11.64
C,Moussa Diabate (37173316),Moussa Diabate,37173316,C/UTIL,3100,CHI@CHA 12/30/2024 07:00PM ET,CHA,15.71
PF,Torrey Craig (37173329),Torrey Craig,37173329,PF/F/UTIL,3100,CHI@CHA 12/30/2024 07:00PM ET,CHI,10.31
PF,DaQuan Jeffries (37173332),DaQuan Jeffries,37173332,PF/F/UTIL,3100,CHI@CHA 12/30/2024 07:00PM ET,CHA,14.86
C,DeAndre Jordan (37173318),DeAndre Jordan,37173318,C/UTIL,3100,DEN@UTA 12/30/2024 09:00PM ET,DEN,10.44
SG/SF,Johnny Juzang (37173320),Johnny Juzang,37173320,SG/SF/F/G/UTIL,3100,DEN@UTA 12/30/2024 09:00PM ET,UTA,12.70
SG/SF,Lindy Waters III (37173335),Lindy Waters III,37173335,SG/SF/F/G/UTIL,3100,CLE@GSW 12/30/2024 10:00PM ET,GSW,13.04
SF/PF,Ricky Council IV (37173325),Ricky Council IV,37173325,SF/PF/F/UTIL,3100,PHI@POR 12/30/2024 10:00PM ET,PHI,10.28
PF,Julian Phillips (37173359),Julian Phillips,37173359,PF/F/UTIL,3000,CHI@CHA 12/30/2024 07:00PM ET,CHI,9.91
C,Taj Gibson (37173418),Taj Gibson,37173418,C/UTIL,3000,CHI@CHA 12/30/2024 07:00PM ET,CHA,8.41
PG,KJ Simpson (37173420),KJ Simpson,37173420,PG/G/UTIL,3000,CHI@CHA 12/30/2024 07:00PM ET,CHA,10.19
SG/SF,Nick Smith Jr. (37173423),Nick Smith Jr.,37173423,SG/SF/F/G/UTIL,3000,CHI@CHA 12/30/2024 07:00PM ET,CHA,6.12
C,Grant Williams (37173428),Grant Williams,37173428,C/UTIL,3000,CHI@CHA 12/30/2024 07:00PM ET,CHA,24.09
PF,Emanuel Miller (37173557),Emanuel Miller,37173557,PF/F/UTIL,3000,CHI@CHA 12/30/2024 07:00PM ET,CHI,0
SG/SF,Chris Duarte (37173560),Chris Duarte,37173560,SG/SF/F/G/UTIL,3000,CHI@CHA 12/30/2024 07:00PM ET,CHI,4.65
C,Adama Sanogo (37173565),Adama Sanogo,37173565,C/UTIL,3000,CHI@CHA 12/30/2024 07:00PM ET,CHI,4.12
C,E.J. Liddell (37173567),E.J. Liddell,37173567,C/UTIL,3000,CHI@CHA 12/30/2024 07:00PM ET,CHI,5.04
PG/SG,Cameron Payne (37173350),Cameron Payne,37173350,PG/SG/G/UTIL,3000,NYK@WAS 12/30/2024 07:00PM ET,NYK,15.5
PG,Jared Butler (37173430),Jared Butler,37173430,PG/G/UTIL,3000,NYK@WAS 12/30/2024 07:00PM ET,WAS,11.42
SG/SF,Johnny Davis (37173433),Johnny Davis,37173433,SG/SF/F/G/UTIL,3000,NYK@WAS 12/30/2024 07:00PM ET,WAS,7.88
C,Anthony Gill (37173438),Anthony Gill,37173438,C/UTIL,3000,NYK@WAS 12/30/2024 07:00PM ET,WAS,5.25
PF,Patrick Baldwin Jr. (37173440),Patrick Baldwin Jr.,37173440,PF/F/UTIL,3000,NYK@WAS 12/30/2024 07:00PM ET,WAS,4.08
C,Richaun Holmes (37173443),Richaun Holmes,37173443,C/UTIL,3000,NYK@WAS 12/30/2024 07:00PM ET,WAS,5.94
C,Tristan Vukcevic (37173445),Tristan Vukcevic,37173445,C/UTIL,3000,NYK@WAS 12/30/2024 07:00PM ET,WAS,2
PG,Boo Buie (37173569),Boo Buie,37173569,PG/G/UTIL,3000,NYK@WAS 12/30/2024 07:00PM ET,NYK,0
SG,Landry Shamet (37173572),Landry Shamet,37173572,SG/G/UTIL,3000,NYK@WAS 12/30/2024 07:00PM ET,NYK,6.08
SG/SF,Matt Ryan (37173575),Matt Ryan,37173575,SG/SF/F/G/UTIL,3000,NYK@WAS 12/30/2024 07:00PM ET,NYK,2.17
C,Jericho Sims (37173580),Jericho Sims,37173580,C/UTIL,3000,NYK@WAS 12/30/2024 07:00PM ET,NYK,8.12
SG/SF,Pacome Dadiet (37173582),Pacome Dadiet,37173582,SG/SF/F/G/UTIL,3000,NYK@WAS 12/30/2024 07:00PM ET,NYK,4.23
PF,Jacob Toppin (37173587),Jacob Toppin,37173587,PF/F/UTIL,3000,NYK@WAS 12/30/2024 07:00PM ET,NYK,1.03
PG,Tyler Kolek (37173590),Tyler Kolek,37173590,PG/G/UTIL,3000,NYK@WAS 12/30/2024 07:00PM ET,NYK,5.17
C,Ariel Hukporti (37173593),Ariel Hukporti,37173593,C/UTIL,3000,NYK@WAS 12/30/2024 07:00PM ET,NYK,5.79
SF,Kevin McCullar Jr. (37173595),Kevin McCullar Jr.,37173595,SF/F/UTIL,3000,NYK@WAS 12/30/2024 07:00PM ET,NYK,0
C,Dario Saric (37173344),Dario Saric,37173344,C/UTIL,3000,DEN@UTA 12/30/2024 09:00PM ET,DEN,10.48
PG,Patty Mills (37173379),Patty Mills,37173379,PG/G/UTIL,3000,DEN@UTA 12/30/2024 09:00PM ET,UTA,8.56
SG/SF,David Jones Garcia (37173382),David Jones Garcia,37173382,SG/SF/F/G/UTIL,3000,DEN@UTA 12/30/2024 09:00PM ET,UTA,0
C,Oscar Tshiebwe (37173387),Oscar Tshiebwe,37173387,C/UTIL,3000,DEN@UTA 12/30/2024 09:00PM ET,UTA,17.75
PF,Taylor Hendricks (37173389),Taylor Hendricks,37173389,PF/F/UTIL,3000,DEN@UTA 12/30/2024 09:00PM ET,UTA,18.08
SG/SF,Spencer Jones (37173516),Spencer Jones,37173516,SG/SF/F/G/UTIL,3000,DEN@UTA 12/30/2024 09:00PM ET,DEN,1.81
PG/SG,Trey Alexander (37173521),Trey Alexander,37173521,PG/SG/G/UTIL,3000,DEN@UTA 12/30/2024 09:00PM ET,DEN,1.68
C,Zeke Nnaji (37173525),Zeke Nnaji,37173525,C/UTIL,3000,DEN@UTA 12/30/2024 09:00PM ET,DEN,2.26
C,PJ Hall (37173527),PJ Hall,37173527,C/UTIL,3000,DEN@UTA 12/30/2024 09:00PM ET,DEN,1.62
PG/SG,Jalen Pickett (37173529),Jalen Pickett,37173529,PG/SG/G/UTIL,3000,DEN@UTA 12/30/2024 09:00PM ET,DEN,8.43
C,Vlatko Cancar (37173533),Vlatko Cancar,37173533,C/UTIL,3000,DEN@UTA 12/30/2024 09:00PM ET,DEN,5.12
C,DaRon Holmes II (37173535),DaRon Holmes II,37173535,C/UTIL,3000,DEN@UTA 12/30/2024 09:00PM ET,DEN,0
SG/SF,Jaylon Tyson (37173354),Jaylon Tyson,37173354,SG/SF/F/G/UTIL,3000,CLE@GSW 12/30/2024 10:00PM ET,CLE,5.93
SG,Gui Santos (37173473),Gui Santos,37173473,SG/G/UTIL,3000,CLE@GSW 12/30/2024 10:00PM ET,GSW,2.69
PG,Pat Spencer (37173476),Pat Spencer,37173476,PG/G/UTIL,3000,CLE@GSW 12/30/2024 10:00PM ET,GSW,5.42
C,Quinten Post (37173479),Quinten Post,37173479,C/UTIL,3000,CLE@GSW 12/30/2024 10:00PM ET,GSW,1.5
SF/PF,Kyle Anderson (37173481),Kyle Anderson,37173481,SF/PF/F/UTIL,3000,CLE@GSW 12/30/2024 10:00PM ET,GSW,14.60
PG/SG,Moses Moody (37173485),Moses Moody,37173485,PG/SG/G/UTIL,3000,CLE@GSW 12/30/2024 10:00PM ET,GSW,12.45
C,Tristan Thompson (37173618),Tristan Thompson,37173618,C/UTIL,3000,CLE@GSW 12/30/2024 10:00PM ET,CLE,6.79
PF,JT Thor (37173620),JT Thor,37173620,PF/F/UTIL,3000,CLE@GSW 12/30/2024 10:00PM ET,CLE,9.31
PG,Emoni Bates (37173623),Emoni Bates,37173623,PG/G/UTIL,3000,CLE@GSW 12/30/2024 10:00PM ET,CLE,0
PG,Craig Porter Jr. (37173626),Craig Porter Jr.,37173626,PG/G/UTIL,3000,CLE@GSW 12/30/2024 10:00PM ET,CLE,6.78
SF,Luke Travers (37173629),Luke Travers,37173629,SF/F/UTIL,3000,CLE@GSW 12/30/2024 10:00PM ET,CLE,4.33
SF/PF,Doug McDermott (37173346),Doug McDermott,37173346,SF/PF/F/UTIL,3000,DAL@SAC 12/30/2024 10:00PM ET,SAC,5.84
SG/SF,Colby Jones (37173392),Colby Jones,37173392,SG/SF/F/G/UTIL,3000,DAL@SAC 12/30/2024 10:00PM ET,SAC,3.57
PG,Jordan McLaughlin (37173397),Jordan McLaughlin,37173397,PG/G/UTIL,3000,DAL@SAC 12/30/2024 10:00PM ET,SAC,5.42
PF,Jae Crowder (37173400),Jae Crowder,37173400,PF/F/UTIL,3000,DAL@SAC 12/30/2024 10:00PM ET,SAC,8.79
C,Orlando Robinson (37173403),Orlando Robinson,37173403,C/UTIL,3000,DAL@SAC 12/30/2024 10:00PM ET,SAC,6.19
SG,Mason Jones (37173405),Mason Jones,37173405,SG/G/UTIL,3000,DAL@SAC 12/30/2024 10:00PM ET,SAC,5.17
PF,Isaiah Crawford (37173408),Isaiah Crawford,37173408,PF/F/UTIL,3000,DAL@SAC 12/30/2024 10:00PM ET,SAC,1.25
PF/C,Isaac Jones (37173411),Isaac Jones,37173411,PF/C/F/UTIL,3000,DAL@SAC 12/30/2024 10:00PM ET,SAC,6.79
PG,Devin Carter (37173415),Devin Carter,37173415,PG/G/UTIL,3000,DAL@SAC 12/30/2024 10:00PM ET,SAC,0
PF/C,Markieff Morris (37173537),Markieff Morris,37173537,PF/C/F/UTIL,3000,DAL@SAC 12/30/2024 10:00PM ET,DAL,3.94
PG,Jazian Gortman (37173541),Jazian Gortman,37173541,PG/G/UTIL,3000,DAL@SAC 12/30/2024 10:00PM ET,DAL,2.52
C,Dwight Powell (37173544),Dwight Powell,37173544,C/UTIL,3000,DAL@SAC 12/30/2024 10:00PM ET,DAL,6.23
SG/SF,Kessler Edwards (37173546),Kessler Edwards,37173546,SG/SF/F/G/UTIL,3000,DAL@SAC 12/30/2024 10:00PM ET,DAL,0.5
PG,Brandon Williams (37173551),Brandon Williams,37173551,PG/G/UTIL,3000,DAL@SAC 12/30/2024 10:00PM ET,DAL,2.6
SF,Dante Exum (37173554),Dante Exum,37173554,SF/F/UTIL,3000,DAL@SAC 12/30/2024 10:00PM ET,DAL,0
PF,KJ Martin (37173362),KJ Martin,37173362,PF/F/UTIL,3000,PHI@POR 12/30/2024 10:00PM ET,PHI,13.52
SG/SF,Rayan Rupert (37173447),Rayan Rupert,37173447,SG/SF/F/G/UTIL,3000,PHI@POR 12/30/2024 10:00PM ET,POR,6.47
PF/C,Jabari Walker (37173452),Jabari Walker,37173452,PF/C/F/UTIL,3000,PHI@POR 12/30/2024 10:00PM ET,POR,8.95
SF,Kris Murray (37173456),Kris Murray,37173456,SF/F/UTIL,3000,PHI@POR 12/30/2024 10:00PM ET,POR,8.6
PF,Justin Minaya (37173459),Justin Minaya,37173459,PF/F/UTIL,3000,PHI@POR 12/30/2024 10:00PM ET,POR,1.25
C,Duop Reath (37173462),Duop Reath,37173462,C/UTIL,3000,PHI@POR 12/30/2024 10:00PM ET,POR,4.27
SG,Bryce McGowens (37173464),Bryce McGowens,37173464,SG/G/UTIL,3000,PHI@POR 12/30/2024 10:00PM ET,POR,3.5
SG,Taze Moore (37173467),Taze Moore,37173467,SG/G/UTIL,3000,PHI@POR 12/30/2024 10:00PM ET,POR,10.5
PF,Matisse Thybulle (37173470),Matisse Thybulle,37173470,PF/F/UTIL,3000,PHI@POR 12/30/2024 10:00PM ET,POR,0
PF/C,Pete Nance (37173598),Pete Nance,37173598,PF/C/F/UTIL,3000,PHI@POR 12/30/2024 10:00PM ET,PHI,0
SF,Justin Edwards (37173602),Justin Edwards,37173602,SF/F/UTIL,3000,PHI@POR 12/30/2024 10:00PM ET,PHI,4
PG,Jeff Dowtin (37173605),Jeff Dowtin,37173605,PG/G/UTIL,3000,PHI@POR 12/30/2024 10:00PM ET,PHI,6.44
C,Adem Bona (37173608),Adem Bona,37173608,C/UTIL,3000,PHI@POR 12/30/2024 10:00PM ET,PHI,4.55
SG/SF,Eric Gordon (37173610),Eric Gordon,37173610,SG/SF/F/G/UTIL,3000,PHI@POR 12/30/2024 10:00PM ET,PHI,9.97
PG,Jared McCain (37173615),Jared McCain,37173615,PG/G/UTIL,3000,PHI@POR 12/30/2024 10:00PM ET,PHI,23.94
SF/PF,Javonte Green (37173340),Javonte Green,37173340,SF/PF/F/UTIL,3000,LAC@NOP 12/30/2024 08:00PM ET,NOP,14.38
C,Trey Jemison (37173365),Trey Jemison,37173365,C/UTIL,3000,LAC@NOP 12/30/2024 08:00PM ET,NOP,8.06
SG/SF,Antonio Reeves (37173367),Antonio Reeves,37173367,SG/SF/F/G/UTIL,3000,LAC@NOP 12/30/2024 08:00PM ET,NOP,7.53
SF,Jamal Cain (37173372),Jamal Cain,37173372,SF/F/UTIL,3000,LAC@NOP 12/30/2024 08:00PM ET,NOP,10.70
PF/C,Karlo Matkovic (37173375),Karlo Matkovic,37173375,PF/C/F/UTIL,3000,LAC@NOP 12/30/2024 08:00PM ET,NOP,5.3
SG,Cam Christie (37173489),Cam Christie,37173489,SG/G/UTIL,3000,LAC@NOP 12/30/2024 08:00PM ET,LAC,12.75
PF/C,Kai Jones (37173492),Kai Jones,37173492,PF/C/F/UTIL,3000,LAC@NOP 12/30/2024 08:00PM ET,LAC,5.98
SG/SF,Jordan Miller (37173496),Jordan Miller,37173496,SG/SF/F/G/UTIL,3000,LAC@NOP 12/30/2024 08:00PM ET,LAC,10.49
PG,Bones Hyland (37173501),Bones Hyland,37173501,PG/G/UTIL,3000,LAC@NOP 12/30/2024 08:00PM ET,LAC,14.10
SG,Trentyn Flowers (37173504),Trentyn Flowers,37173504,SG/G/UTIL,3000,LAC@NOP 12/30/2024 08:00PM ET,LAC,13.5
C,Mo Bamba (37173507),Mo Bamba,37173507,C/UTIL,3000,LAC@NOP 12/30/2024 08:00PM ET,LAC,12.78
PF/C,Kobe Brown (37173509),Kobe Brown,37173509,PF/C/F/UTIL,3000,LAC@NOP 12/30/2024 08:00PM ET,LAC,6.93
PF,P.J. Tucker (37173513),P.J. Tucker,37173513,PF/F/UTIL,3000,LAC@NOP 12/30/2024 08:00PM ET,LAC,0
